Title,Rental ID,Starts Local Timezone Date,Ends Local Timezone Date,Review Created Date,Star Rating,Redacted Comments,Category List
3 Washington Square Village - Valet Garage,124342689,2026-05-29,2026-05-29,2026-05-29,3,파킹장에서 뉴 뮤지엄까지 걸어서 4분 정도 거리에 있다고 했는데 실제로는 15분 거리에 있었다.,
513 W 180th St. (2420 Amsterdam Ave.)  - Radio Hotel Garage,124377573,2026-05-29,2026-05-29,2026-05-31,1,waited 30 minutes in line before they even said that they were full and were not helpful with alternatives. it would be zero stars.,
60 W 66th St. (2 Lincoln Plaza) - Valet Garage,123257194,2026-05-27,2026-05-27,2026-05-29,5,"quick, easy, staff efficient and helpful",
140 W 51st St. - Valet Garage,123930720,2026-05-30,2026-05-31,2026-05-31,5,great service. friendly staff,
470 Dean St. (215 Flatbush Ave.) - Valet,124138915,2026-05-28,2026-05-28,2026-05-29,3,"checking in was easy, but the black gentleman taking the cars in was on some kind of attitude, terrible customer service, and when I picked up my car he was even worse, before I left the Barclays center I requested my car, when I get there I was trying to again talk to the black gentleman, a hispanic guy came and asked him whose car was next, I was there before other people and with an attitude he told him go get someone else, I dont want these people here now, he was referring to me and others",
29-33 E 50th St. - New York Palace Valet,124175033,2026-05-27,2026-05-27,2026-05-28,1,"You make a reservation and then when you arrive, it takes forty minutes just to get in. The attendants are unfriendly, and they scratched my car. I’m going to file a claim because of that.",
150 W 38th St - Valet Garage,124482636,2026-05-30,2026-05-31,2026-05-31,1,While parking they said everything good .while collecting car new persons there asking price for over size Vechile,
107 W 31st St - Valet (Continental/Tower 111 Garage),123550218,2026-05-19,2026-05-20,2026-05-27,4,When we got there the guy said the SUV fee would be $15 when we left. When we returned another guy said it was $20 and we had to pay $20. Also they didn't have the spothero reservation in their system and tried to send me an invoice for the whole amount. This was corrected but we were still charged the $20 not the original $15 mentioned by the first guy for the SUV fee. Also on the app it was only $15 but for some reason didn't charge me when I made the reservation despite my car info added.,
21 E 15th St. - Union Square Valet Garage,124214338,2026-05-27,2026-05-27,2026-05-28,3,"When attempting to get the car, they require you to put your name, and email. It’s a catch 22 . I had to make up a name and email just to retrieve my car. For this reason I rate this place a 3 . I paid my money don’t make me jump through hopes to now get my car",
258 Albany St. - Valet (200 Liberty St. Garage),124202467,2026-05-27,2026-05-27,2026-05-29,1,"When I pulled it up on the web it said it was .4 miles from Central Park but after paying $53, it revealed the address to be in New Jersey- clearly too far to walk to Central Park. I called spot hero to get a refund back to my credit card but was denied.Supposedly because spot hero did nothing wrong? Said that gps could sometimes be wrong however I wasn’t trying to get a parking spot from where I was but from what spot hero said was close to Central Park. Once again, please refund my credit card",
2 Journal Square Plaza - Journal Square Garage,123015743,2026-05-26,2026-05-28,2026-05-28,1,"We needed to extend our reservation by an hour and the app stopped working. Called technical support and they said they could help, and to call the parking garage. Called the parking garage and they told me they couldn’t help me and to call tech support. We ended up paying a full day price for just one more hr of parking. Horrible experience.",
21 E 15th St. - Union Square Valet Garage,124317448,2026-05-30,2026-05-30,2026-05-31,5,We have a Chevy Tahoe and I'm always worried about finding a spot. Even when other apps  say it will fit (and even charge the oversized fee) it sometimes hasn't and the garage staff waves me off. Not here. Friendly and efficient. I drove down and the attendant came out and parked my car.,
140 W 53rd St. - Valet Garage,124326054,2026-05-29,2026-05-31,2026-05-31,5,Very good valet parking,
2 Mc Kenny St. - Panorama Valet Garage,124081946,2026-05-25,2026-05-25,2026-05-27,1,"Very disappointing experience with the parking lot manager. We had already paid for parking through the app for our regular SUV, but upon arrival the manager claimed it was an oversized vehicle and demanded an additional cash payment. We were told we could either pay cash directly to him or cancel the entire transaction and pay again in cash. The situation felt very unprofessional and questionable.",
51 W 56th St. - Valet Garage,124134881,2026-05-26,2026-05-26,2026-05-28,5,Very Good experience.  I would use this garage again!,
150 W 90th St. (189 W 89th St.) - Garage,124328328,2026-05-29,2026-05-29,2026-05-30,3,They claimed to be self parking. it was not .They over charged for over size. The over size wasn't mentioned in the contract!!,
31 W 52nd St. - Valet Garage (CBS Building),124147637,2026-05-27,2026-05-27,2026-05-29,5,These guys were so pleasant and nice. I was so stressed out and their vibes totally calmed me down!,
470 Dean St. (215 Flatbush Ave.) - Valet,123383995,2026-05-24,2026-05-24,2026-05-26,2,"There was only one member working, so we waited 30 minutes just to park our car, even with getting to the event an hour before the start time. This was frustrating having paid ahead to avoid worrying about parking.",
80 W 28th St. - Aston Valet Garage,124249035,2026-05-28,2026-05-28,2026-05-29,1,"The worker can’t communicate effectively in English, yet he gets upset when customers don’t understand him.",
345 W 58th St. - Valet Garage,124353367,2026-05-29,2026-05-30,2026-05-31,5,"The staff was friendly.  Easy in and out. Spot hero rate was slightly higher than their evening special, but worth the cost knowing you get a spot.",
E 20th St. and Ave. C - Skyport Surface Lot,124186822,2026-05-27,2026-05-28,2026-05-29,5,The neighborhood is a lot less sketchy than I remember! Parked there during the day & there were plenty of people around.,
37 Blue Slip - Garage,124420029,2026-05-30,2026-05-30,2026-05-30,1,The attendant kept accusing me of not paying and refusing to give me my keys or acknowledge my parking pass. Eventually his coworker came and resolved the issue but the initial attendant refused to apologize and handed the keys to his coworker instead of me,
101 Worth St. - Valet (Foley Square Garage),124346760,2026-05-29,2026-05-29,2026-05-31,3,Takes absolutely forever to get your car,
185 E 85th St. - Valet (Park Lane Garage),124140942,2026-05-27,2026-05-27,2026-05-27,5,Staff was particularly helpful and friendly,
185 E 85th St. - Valet (Park Lane Garage),124347702,2026-05-29,2026-05-29,2026-05-29,5,Staff was outstanding!,
60 North End Ave. (250 Vesey) - Valet Garage,123680145,2026-05-22,2026-05-24,2026-05-30,5,Staff was extremely helpful and friendly when we needed to get back into car to retrieve forgotten item several hours after we had checked the car in.,
18-20 Morton St. - Valet Garage,123786740,2026-05-21,2026-05-21,2026-05-26,1,Spot hero pricing was more expensive than the garage,
150 W 38th St - Valet Garage,124439190,2026-05-30,2026-05-30,2026-05-31,4,Spot hero didn’t show the oversized fee and the facility charged $22 extra,
140 W 51st St. - Valet Garage,124257418,2026-05-28,2026-05-28,2026-05-29,2,Spot here reservation wasn’t found. They created an additional reservation on their app. Their app failed to recognize my newly created profile when attempting to get my car out. Had to answer verbal questions to validate my ownership of the vehicle.,
38 W 46th St. - Valet Garage,124202456,2026-05-27,2026-05-27,2026-05-27,4,Some wait,
424 E 53rd St. - Rivercourt Valet Garage,121036853,2026-05-22,2026-05-27,2026-05-28,5,Solid neighborhood parking facility - our go to location for parking.,
538 E 85th St. (110 East End Ave.) - Valet Garage,124369606,2026-05-29,2026-05-29,2026-05-30,1,Showed up and was told we couldn't park here,
31 W 52nd St. - Valet Garage (CBS Building),124166318,2026-05-27,2026-05-27,2026-05-27,5,"Perfect, seamless, great staff there. Really fantastic. Appreciate it!",
140 W 51st St. - Valet Garage,123738912,2026-05-22,2026-05-22,2026-05-26,3,My reservation was at 4:30am I pulled up to the attendant booth at 4:27 am and the attendant promptly said you have 3 minutes and so I stood there for 3 minutes until my reservation started as I watched the attendant be on his phone. Definitely could have handled it better.,
87 Edison Pl. - South Garage,124484824,2026-05-30,2026-05-31,2026-05-31,5,My only issue was the price. It was $20 on site and spot hero charged $32.,
73 Classon Ave. - 347 Flushing Ave. Garage,123533946,2026-05-18,2026-05-18,2026-05-28,2,Lost my house keys after detaching keyfob,
301 W 53rd St.- Valet Garage,123809559,2026-05-30,2026-05-30,2026-05-31,5,I’ve parked here on more than one occasion and ALL of the attendants who work here are always so nice and pleasant.,
215 E 80th St. - Valet Garage,124016878,2026-05-26,2026-05-26,2026-05-26,1,"I’m very unhappy, the attendant asked to see my text message from and to the garage, he then clicked on the button to pay (my credit card came up with the garage app) and he clicked on it - and charged my credit card $50.18. I thought I backed out of the app as soon as I saw him do it.  Later I saw that charge went through. Hence I paid ~$30 to spot hero + $50 to the garage. Very very unhappy and won’t use the garage again. Let me know if you would like more information.",
150 W 38th St - Valet Garage,124387896,2026-05-30,2026-05-31,2026-05-31,1,"It was so hard to find that we never got there. We needed to get to a wedding, so we parked in the nearest 24 seven garage we could find. It was an incredibly frustrating experience for which spot hero credited $20. Not really good enough, I spent $42.14, on a spot that I could not find. So, you were not much of a hero.",
150 W 90th St. (189 W 89th St.) - Garage,124136708,2026-05-26,2026-05-26,2026-05-26,1,"In the beginning this App was shown $30, eventually I was charged74.73. It’s over doble the price initial.I will NOT trust this app again!",
140 W 53rd St. - Valet Garage,124376565,2026-05-29,2026-05-29,2026-05-31,1,I was told by the staff I was at the wrong address they sent me across the street and I was told there that I the address was where I just left. They couldn’t explain themselves when I came back the cars blocking the exits and the staff and patrons were arguing back and forth. This is why I’d rather avoid these online booking sites to save $10 but wastes hours with this nonsense.,
87 Edison Pl. - South Garage,123666577,2026-05-22,2026-05-22,2026-05-27,1,I was double billed for this spot,
200 E 61st St. - Valet Garage,124057847,2026-05-25,2026-05-25,2026-05-26,1,"I had entered one letter of my license plate incorrectly and the attendant wanted to charge me full price, even though he had my drivers license to show correct name, etc.  He held my keys, and went back and forth with me on it for over 10 minutes.  When I told him that I would put a stop payment on my credit card for the additional charge, he finally agreed to not charge me.",
220 E 65th St. - Valet (Concorde Garage),124141429,2026-05-26,2026-05-30,2026-05-31,5,I don’t think the street address is correct. It’s on the other side of the street,
140 W 51st St. - Valet Garage,123721567,2026-05-22,2026-05-22,2026-05-26,3,I didn’t like that I also had to log in and provide my email and phone number to the garage,
38 W 46th St. - Valet Garage,124198970,2026-05-27,2026-05-27,2026-05-28,1,I came 40 mins after my reservation ended and they charged me an additional $47 and they held my car hostage. How is the entire day $32 and then $47 penalty for coming 40 mins late? I felt like I got robbed. Won’t be parking here again ever.,
38 W 46th St. - Valet Garage,124069003,2026-05-26,2026-05-26,2026-05-27,2,I arrived 30 min early and was charged extra.,
25 Waterside Plaza,123387558,2026-05-16,2026-05-16,2026-05-29,1,I almost did not exit as it did not recognize the qr code from spot hero,
18-20 Morton St. - Valet Garage,124290486,2026-05-28,2026-05-28,2026-05-30,5,Great place to park in the village 😃,
60 W 66th St. (2 Lincoln Plaza) - Valet Garage,124383891,2026-05-30,2026-05-30,2026-05-31,5,Great parking lot.  Both attendants (when we dropped off and when we picked up) were courteous and prompt.,
51 W 56th St. - Valet Garage,124302592,2026-05-28,2026-05-31,2026-05-31,5,Great option for midtown!,
21 E 15th St. - Union Square Valet Garage,124238569,2026-05-27,2026-05-28,2026-05-29,5,Good experience,
51 W 56th St. - Valet Garage,124092475,2026-05-26,2026-05-26,2026-05-30,5,Good Customer service,
140 W 51st St. - Valet Garage,124150467,2026-05-26,2026-05-27,2026-05-28,5,Excellent experience! Staff was very nice and car was ready for pick up when I arrived!  Would definitely park there again.,
86 Fleet Pl. - Garage,124438446,2026-05-30,2026-05-31,2026-05-31,1,"Even though I put in the make and model of my car, they didn’t tell me when I parked there but insisted I pay an oversize vehicle charge before letting me go.",
38 W 46th St. - Valet Garage,124173775,2026-05-27,2026-05-27,2026-05-29,5,Easy and efficient. The car was waiting for me because I used their text system when I was about to leave.,
87 Edison Pl. - South Garage,123978578,2026-05-25,2026-05-27,2026-05-27,4,"Easy and clear instructions with minimal hassle. However, the parking spots are very narrow. When full, it’s difficult to find a spot in which the doors can be opened by passengers.",
87 Edison Pl. - South Garage,122768805,2026-05-13,2026-05-13,2026-05-26,5,Could not have been better. Excellent service. Thanks,
480 W 13th St (28 10th Ave) - Lot,124000310,2026-05-24,2026-05-24,2026-05-26,1,Could NOT find this Parking    Went to another garage    Will not use again,
106 W 30th St. - Kimpton Hotel Eventi Garage,124047867,2026-05-25,2026-05-25,2026-05-27,5,Clean facility close to msg. Valet parking with seamless handover and return. Would park here again,
470 Dean St. (215 Flatbush Ave.) - Valet,123981430,2026-05-24,2026-05-24,2026-05-27,1,"Basically you need to add an hour to your plan when you get your car here. They have an automated system that allows you the illusion that you’re about to get your car, but it still takes that same hour once you get there.",
29-33 E 50th St. - New York Palace Valet,123895595,2026-05-23,2026-05-23,2026-05-27,5,Awesome.  Well worth the money.  Rainy day in NYC with special event at St Pats.  Staff is awesome.,
300 W 95th St (711 West End Ave) - Valet Garage,124428317,2026-05-30,2026-05-30,2026-05-30,5,Attentive and friendly staff!,
450 E 63rd St. - Valet (Sutton Terrace Garage),124141099,2026-05-26,2026-05-26,2026-05-27,5,Attendant was very nice and professional!,
18-20 Morton St. - Valet Garage,124285740,2026-05-28,2026-05-28,2026-05-29,5,"As a long-time customer of Spot Hero my experiences have been, well...”spotty”. However my most recent experience at 18-20 Morton Street was very satisfying. Being cautioned at  sign up about construction at the facility, the entrance easy to access.  The owner was very friendly with no wait time.  While some previous experiences included  an annoying unexpected fee for an “oversized vehicle” (a mid-sized Lexus SUV)...there was none.",
154 E 53rd St. - Valet Garage,124381498,2026-05-29,2026-05-30,2026-05-31,5,"All good, but I don't know why staff in parkings can't be kinder.",
38 W 46th St. - Valet Garage,124160384,2026-05-26,2026-05-26,2026-05-28,1,"1/2 hour late, price went from $28 to $79",
31 W 52nd St. - Valet Garage (CBS Building),124024009,2026-05-24,2026-05-25,2026-05-30,5,,
140 W 51st St. - Valet Garage,124107688,2026-05-29,2026-05-29,2026-05-30,5,,
120 W 21st St. - Valet Garage,123248291,2026-05-15,2026-05-15,2026-05-28,5,,
23-25 W 55th St. - Valet Garage,124261016,2026-05-28,2026-05-28,2026-05-29,5,,
103 Murray St. - (270 Greenwich Garage),124109428,2026-05-26,2026-05-26,2026-05-26,5,,
150 W 38th St - Valet Garage,124081447,2026-05-25,2026-05-26,2026-05-27,5,,
21 E 15th St. - Union Square Valet Garage,124134438,2026-05-26,2026-05-26,2026-05-28,5,,
245 E 93rd St. - Valet (Astor Terrace Garage),124429225,2026-05-30,2026-05-30,2026-05-30,5,,
340 E 80th St. - Valet Garage,124201671,2026-05-27,2026-05-27,2026-05-28,5,,
1360 Fulton St. - Restoration Plaza Garage,123806923,2026-05-21,2026-05-26,2026-05-29,5,,
345 W 58th St. - Valet Garage,124408165,2026-05-29,2026-05-30,2026-05-30,5,,
450 E 63rd St. - Valet (Sutton Terrace Garage),124329037,2026-05-29,2026-05-30,2026-06-01,4,,
200 Cadman Plaza West (75 Henry St. - Valet Garage),123211705,2026-05-14,2026-05-14,2026-05-26,5,,
345 W 58th St. - Valet Garage,124160529,2026-05-27,2026-05-27,2026-05-27,5,,
219 E 41st St. - Valet Garage,123745645,2026-05-21,2026-05-21,2026-05-28,5,,
200 Park Ave (167 Park Ave Viaduct)- Valet Garage,124110293,2026-05-26,2026-05-26,2026-05-29,5,,
137 Duffield St - 15 MetroTech Valet Garage,124106535,2026-05-26,2026-05-26,2026-05-27,5,,
219 E 41st St. - Valet Garage,123905649,2026-05-23,2026-05-23,2026-05-30,5,,
2 Metrotech (100 Myrtle Ave),123019562,2026-05-26,2026-05-27,2026-05-27,5,,
109 W 56th St. (118 W 57th St.) - Parker New York Valet Garage,123727301,2026-05-20,2026-05-20,2026-05-29,5,,
2 Metrotech (100 Myrtle Ave),123888128,2026-05-24,2026-05-25,2026-05-26,5,,
200 E 61st St. - Valet Garage,124110274,2026-05-26,2026-05-26,2026-05-27,5,,
2 Mall Dr. East (479 Rear Washington Blvd.) - Newport South - Garage,124344340,2026-05-29,2026-05-30,2026-05-30,5,,
139 W 62nd St. - Self Park Garage,124096869,2026-05-28,2026-05-29,2026-05-29,5,,
39 E 29th St - Valet Garage,123891434,2026-05-23,2026-05-23,2026-05-26,5,,
3 Washington Square Village - Valet Garage,124315042,2026-05-29,2026-05-29,2026-05-31,5,,
9 W 31st St. - Valet Garage,123539157,2026-05-18,2026-05-18,2026-05-26,5,,
474 Warren St. - VYV Garage,123604068,2026-05-19,2026-05-19,2026-05-27,5,,
9 W 31st St. - Valet Garage,123801792,2026-05-21,2026-05-22,2026-05-27,5,,
138-20 39th Ave. - Flushing Commons South Garage,123715549,2026-05-25,2026-05-25,2026-05-27,5,,
200 E 161st St. - Garage (Concourse Plaza),123815391,2026-05-22,2026-05-22,2026-05-28,5,,
87 Edison Pl. - South Garage,123780639,2026-05-22,2026-05-26,2026-05-27,5,,
200 E 161st St. - Garage (Concourse Plaza),124368654,2026-05-29,2026-05-30,2026-05-30,5,,
670 Baltic St. (120 5th Ave.) - Garage,124220949,2026-05-27,2026-05-27,2026-05-28,5,,
103 Murray St. - (270 Greenwich Garage),123090708,2026-05-13,2026-05-13,2026-05-27,5,,
54 W 81st St. - American Museum Of Natural History Garage,122019664,2026-05-28,2026-05-28,2026-05-28,5,,
18-20 Morton St. - Valet Garage,123688323,2026-05-20,2026-05-20,2026-05-28,5,,
54 W 81st St. - American Museum Of Natural History Garage,123529721,2026-05-18,2026-05-18,2026-05-26,5,,
340 E 80th St. - Valet Garage,123713923,2026-05-21,2026-05-21,2026-05-31,5,,
120 W 21st St. - Valet Garage,123189057,2026-05-13,2026-05-16,2026-05-29,5,,
340 E 80th St. - Valet Garage,124296138,2026-05-28,2026-05-28,2026-05-28,5,,
80 W 28th St. - Aston Valet Garage,123679943,2026-05-20,2026-05-20,2026-05-27,5,,
38 W 46th St. - Valet Garage,124424632,2026-05-30,2026-05-30,2026-05-31,5,,
9 W 31st St. - Valet Garage,124393167,2026-05-29,2026-05-30,2026-05-30,5,,
60 North End Ave. (250 Vesey) - Valet Garage,123832109,2026-05-22,2026-05-22,2026-05-29,5,,
23-25 W 55th St. - Valet Garage,123794345,2026-05-21,2026-05-21,2026-05-26,5,,
90 Town Square Place - Garage,123954203,2026-05-23,2026-05-24,2026-05-28,5,,
150 W 38th St - Valet Garage,122575512,2026-05-24,2026-05-25,2026-05-26,5,,
90 Town Square Place - Garage,124469378,2026-05-30,2026-05-31,2026-05-31,5,,
7 W 28th St. - Valet (Drucker Lot),124470267,2026-05-30,2026-05-31,2026-05-31,1,,
345 W 58th St. - Valet Garage,123212835,2026-05-14,2026-05-14,2026-05-26,5,,
340 E 80th St. - Valet Garage,124057896,2026-05-25,2026-05-25,2026-05-27,5,,
219 E 41st St. - Valet Garage,124234776,2026-05-27,2026-05-28,2026-05-30,5,,
340 E 80th St. - Valet Garage,124275889,2026-05-28,2026-05-28,2026-05-30,5,,
219 E 41st St. - Valet Garage,124354415,2026-05-29,2026-05-29,2026-05-31,5,,
38 W 46th St. - Valet Garage,123637131,2026-05-25,2026-05-30,2026-05-30,5,,
200 E 61st St. - Valet Garage,123784259,2026-05-21,2026-05-21,2026-05-28,5,,
154 E 53rd St. - Valet Garage,124092779,2026-05-27,2026-05-27,2026-05-28,5,,
470 Dean St. (215 Flatbush Ave.) - Valet,119057584,2026-05-28,2026-05-28,2026-05-30,5,,
200 E 61st St. - Valet Garage,124283246,2026-05-28,2026-05-28,2026-05-30,5,,
1105 St Nicholas Ave. - Audubon Lot,124408692,2026-05-29,2026-05-30,2026-05-30,5,,
2 Metrotech (100 Myrtle Ave),123673977,2026-05-20,2026-05-20,2026-05-29,5,,
60 W 66th St. (2 Lincoln Plaza) - Valet Garage,124510444,2026-05-31,2026-05-31,2026-05-31,5,,
100 Warren St. - Portside Towers Garage,123558211,2026-05-18,2026-05-18,2026-05-26,5,,
480 W 13th St (28 10th Ave) - Lot,124043967,2026-05-27,2026-05-27,2026-05-29,4,,
480 W 13th St (28 10th Ave) - Lot,123762198,2026-05-21,2026-05-21,2026-05-27,5,,
515 E 79th St. - Valet Garage,124133614,2026-05-26,2026-05-27,2026-05-27,5,,
140 W 53rd St. - Valet Garage,124227537,2026-05-28,2026-05-28,2026-05-30,5,,
251 Pearl St. - Valet Lot,124225550,2026-05-27,2026-05-28,2026-05-29,5,,
138-20 39th Ave. - Flushing Commons South Garage,124067803,2026-05-25,2026-05-25,2026-05-26,4,,
538 E 85th St. (110 East End Ave.) - Valet Garage,123829230,2026-05-22,2026-05-22,2026-05-29,5,,
87 Edison Pl. - South Garage,120892725,2026-05-28,2026-05-28,2026-05-28,5,,
4650 Broadway - Valet Garage,124459957,2026-05-30,2026-05-31,2026-05-31,5,,
87 Edison Pl. - South Garage,123748267,2026-05-26,2026-05-26,2026-05-28,5,,
106 W 30th St. - Kimpton Hotel Eventi Garage,123795942,2026-05-21,2026-05-21,2026-05-30,5,,
54 W 81st St. - American Museum Of Natural History Garage,123993549,2026-05-29,2026-05-29,2026-05-29,5,,
31 W 52nd St. - Valet Garage (CBS Building),123619767,2026-05-20,2026-05-20,2026-05-26,5,,
9201 4th Ave. - Valet Garage,123838632,2026-05-22,2026-05-22,2026-05-28,5,,
140 W 51st St. - Valet Garage,124100415,2026-05-26,2026-05-26,2026-05-26,5,,
301 W 53rd St.- Valet Garage,124103774,2026-05-26,2026-05-26,2026-05-26,5,,
103 Murray St. - (270 Greenwich Garage),123957321,2026-05-24,2026-05-24,2026-05-30,5,,
120 W 21st St. - Valet Garage,124114813,2026-05-26,2026-05-26,2026-05-28,5,,
450 E 63rd St. - Valet (Sutton Terrace Garage),124438838,2026-05-30,2026-05-30,2026-05-31,5,,
80 W 28th St. - Aston Valet Garage,124427197,2026-05-30,2026-05-30,2026-05-31,5,,
215 E 80th St. - Valet Garage,123835442,2026-05-22,2026-05-22,2026-05-26,5,,
150 W 38th St - Valet Garage,124413325,2026-05-30,2026-05-30,2026-05-31,5,,
20 W 13th St. - Valet Garage,123305805,2026-05-15,2026-05-15,2026-05-27,4,,
185 E 85th St. - Valet (Park Lane Garage),124359467,2026-05-29,2026-05-29,2026-05-30,5,,
90 Town Square Place - Garage,124134826,2026-05-26,2026-05-26,2026-05-28,5,,
424 E 53rd St. - Rivercourt Valet Garage,124120333,2026-05-26,2026-05-26,2026-05-27,5,,
200 Park Ave (167 Park Ave Viaduct)- Valet Garage,124012652,2026-05-24,2026-05-25,2026-05-29,5,,
51 W 56th St. - Valet Garage,123795674,2026-05-21,2026-05-22,2026-05-27,5,,
154 E 53rd St. - Valet Garage,124208794,2026-05-27,2026-05-27,2026-05-28,5,,
51 W 56th St. - Valet Garage,124167682,2026-05-27,2026-05-27,2026-05-28,5,,
200 Cadman Plaza West (75 Henry St. - Valet Garage),123010623,2026-05-15,2026-05-15,2026-05-26,5,,
90 Town Square Place - Garage,123645315,2026-05-24,2026-05-25,2026-05-26,5,,
219 E 41st St. - Valet Garage,124278397,2026-05-28,2026-05-28,2026-05-29,1,,
200 Park Ave (167 Park Ave Viaduct)- Valet Garage,123621132,2026-05-20,2026-05-21,2026-05-29,5,,
200 E 61st St. - Valet Garage,124111334,2026-05-29,2026-05-29,2026-05-30,3,,
300 W 95th St (711 West End Ave) - Valet Garage,124066332,2026-05-25,2026-05-27,2026-05-27,5,,
2 Mall Dr. East (479 Rear Washington Blvd.) - Newport South - Garage,124223874,2026-05-28,2026-05-28,2026-05-31,4,,
1105 St Nicholas Ave. - Audubon Lot,123756373,2026-05-21,2026-05-21,2026-05-27,5,,
2 Mc Kenny St. - Panorama Valet Garage,124384265,2026-05-29,2026-05-29,2026-05-31,5,,
129 Roosevelt Ave. (40-24 College Point Blvd.) - Skyview Mall Garage,123718169,2026-05-24,2026-05-25,2026-05-26,5,,
25 Waterside Plaza,123702509,2026-05-23,2026-05-25,2026-05-31,5,,
25 Waterside Plaza,123251974,2026-05-21,2026-05-21,2026-05-28,5,,
87 Edison Pl. - South Garage,121940322,2026-05-28,2026-05-28,2026-05-28,4,,
474 Warren St. - VYV Garage,124128723,2026-05-26,2026-05-26,2026-05-28,5,,
444 Washington Blvd. - Avalon Cove Lot,124267416,2026-05-28,2026-05-28,2026-05-29,5,,
E 20th St. and Ave. C - Skyport Surface Lot,124102789,2026-05-26,2026-05-26,2026-05-27,5,,
81 Fleet Pl. - Garage,123951109,2026-05-24,2026-05-24,2026-05-26,5,,
138-20 39th Ave. - Flushing Commons South Garage,124019320,2026-05-24,2026-05-24,2026-05-26,5,,
60 E 12th St. - Valet Garage,124349380,2026-05-29,2026-05-29,2026-05-29,5,,
25 Wall St. - Lot,124319677,2026-05-29,2026-05-30,2026-05-31,5,,
60 E 12th St. - Valet Garage,124425350,2026-05-30,2026-05-30,2026-05-30,5,,
140 W 51st St. - Valet Garage,123964510,2026-05-24,2026-05-24,2026-05-26,5,,
25 Wall St. - Lot,123787678,2026-05-21,2026-05-22,2026-05-26,5,,
140 W 51st St. - Valet Garage,124370728,2026-05-29,2026-05-30,2026-05-30,5,,
301 W 53rd St.- Valet Garage,123991836,2026-05-24,2026-05-24,2026-05-31,5,,
120 W 21st St. - Valet Garage,124359703,2026-05-29,2026-05-29,2026-05-30,5,,
140 W 51st St. - Valet Garage,123743689,2026-05-21,2026-05-21,2026-05-26,5,,
23-25 W 55th St. - Valet Garage,123250950,2026-05-14,2026-05-14,2026-05-28,5,,
140 W 51st St. - Valet Garage,124024706,2026-05-27,2026-05-27,2026-05-28,5,,
107 W 31st St - Valet (Continental/Tower 111 Garage),124272420,2026-05-28,2026-05-30,2026-05-31,5,,
23-25 W 55th St. - Valet Garage,124086010,2026-05-26,2026-05-26,2026-05-27,5,,
300 Cadman Plaza West - Pierrepont Plaza - Valet Garage,123443842,2026-05-16,2026-05-17,2026-05-28,5,,
1360 Fulton St. - Restoration Plaza Garage,124341548,2026-05-30,2026-05-30,2026-05-30,5,,
301 E 66th St. - Valet Garage,123754965,2026-05-22,2026-05-22,2026-05-26,5,,
215 E 80th St. - Valet Garage,123997828,2026-05-24,2026-05-24,2026-05-29,5,,
185 E 85th St. - Valet (Park Lane Garage),124044740,2026-05-25,2026-05-25,2026-05-30,5,,
38 W 46th St. - Valet Garage,124191023,2026-05-27,2026-05-27,2026-05-29,5,,
38 W 46th St. - Valet Garage,123927438,2026-05-23,2026-05-23,2026-05-30,5,,
90 Town Square Place - Garage,123679170,2026-05-20,2026-05-20,2026-05-27,5,,
38 W 46th St. - Valet Garage,124360403,2026-05-29,2026-05-29,2026-05-30,5,,
220 E 67th St. - Valet Garage,123829545,2026-05-22,2026-05-22,2026-05-26,5,,
38 W 46th St. - Valet Garage,124459834,2026-05-30,2026-05-30,2026-05-31,5,,
470 Dean St. (215 Flatbush Ave.) - Valet,123712218,2026-05-25,2026-05-26,2026-05-27,5,,
90 Town Square Place - Garage,124381606,2026-05-29,2026-05-30,2026-05-30,5,,
29-33 E 50th St. - New York Palace Valet,121737366,2026-05-27,2026-05-27,2026-05-28,5,,
200 Park Ave (167 Park Ave Viaduct)- Valet Garage,123696244,2026-05-20,2026-05-20,2026-05-28,5,,
165 W 65th St - Valet Garage,123415077,2026-05-20,2026-05-20,2026-05-30,5,,
200 Park Ave (167 Park Ave Viaduct)- Valet Garage,123763328,2026-05-21,2026-05-21,2026-05-28,5,,
1105 St Nicholas Ave. - Audubon Lot,124264462,2026-05-28,2026-05-28,2026-05-28,4,,
200 Park Ave (167 Park Ave Viaduct)- Valet Garage,124041490,2026-05-25,2026-05-25,2026-05-27,5,,
2 Mall Dr. East (479 Rear Washington Blvd.) - Newport South - Garage,123760817,2026-05-21,2026-05-21,2026-05-28,5,,
219 E 41st St. - Valet Garage,124238055,2026-05-28,2026-05-28,2026-05-28,5,,
2 Mall Dr. East (479 Rear Washington Blvd.) - Newport South - Garage,123914392,2026-05-23,2026-05-23,2026-05-29,5,,
200 E 61st St. - Valet Garage,124074293,2026-05-26,2026-05-26,2026-05-31,5,,
60 W 66th St. (2 Lincoln Plaza) - Valet Garage,123619229,2026-05-19,2026-05-19,2026-05-30,5,,
200 E 61st St. - Valet Garage,124295970,2026-05-28,2026-05-28,2026-05-29,5,,
480 W 13th St (28 10th Ave) - Lot,124480719,2026-05-30,2026-05-30,2026-05-31,4,,
2 Journal Square Plaza - Journal Square Garage,124284729,2026-05-28,2026-05-28,2026-05-29,5,,
101 Lincoln Ave. - Valet Garage,124407082,2026-05-29,2026-05-30,2026-05-30,5,,
333 Schermerhorn St. - Valet Garage,123794786,2026-05-21,2026-05-21,2026-05-27,4,,
140 W 53rd St. - Valet Garage,124188958,2026-05-27,2026-05-27,2026-05-28,5,,
480 W 13th St (28 10th Ave) - Lot,124003707,2026-05-24,2026-05-24,2026-05-27,4,,
138-20 39th Ave. - Flushing Commons South Garage,124010348,2026-05-24,2026-05-25,2026-05-26,5,,
480 W 13th St (28 10th Ave) - Lot,124375634,2026-05-29,2026-05-29,2026-05-30,5,,
87 Edison Pl. - South Garage,123589606,2026-05-22,2026-05-22,2026-05-27,5,,
245 E 36th St. - Valet Lot,123763685,2026-05-21,2026-05-21,2026-05-30,5,,
87 Edison Pl. - South Garage,124223883,2026-05-27,2026-05-28,2026-05-29,5,,
25 North Blvd. (30 Newport Pkwy.) - Parkside Garage,124042236,2026-05-27,2026-05-27,2026-05-27,5,,
444 Washington Blvd. - Avalon Cove Lot,124270614,2026-05-28,2026-05-28,2026-05-31,5,,
4650 Broadway - Valet Garage,124397762,2026-05-29,2026-05-31,2026-05-31,5,,
56 North Blvd. (20 North Blvd.) - River Market Garage,124115564,2026-05-26,2026-05-26,2026-05-27,5,,
301 W 53rd St.- Valet Garage,123983406,2026-05-25,2026-05-29,2026-05-31,5,,
670 Baltic St. (120 5th Ave.) - Garage,124003334,2026-05-24,2026-05-24,2026-05-26,5,,
31 W 52nd St. - Valet Garage (CBS Building),124161902,2026-05-26,2026-05-27,2026-05-28,5,,
9201 4th Ave. - Valet Garage,124144854,2026-05-26,2026-05-27,2026-05-31,5,,
31 W 52nd St. - Valet Garage (CBS Building),124221610,2026-05-27,2026-05-28,2026-05-29,5,,
301 W 53rd St.- Valet Garage,124198484,2026-05-27,2026-05-27,2026-05-29,5,,
140 W 51st St. - Valet Garage,124108524,2026-05-26,2026-05-26,2026-05-27,5,,
31 W 52nd St. - Valet Garage (CBS Building),124124812,2026-05-26,2026-05-26,2026-05-27,5,,
120 W 21st St. - Valet Garage,123731808,2026-05-20,2026-05-21,2026-05-27,5,,
9 W 31st St. - Valet Garage,124320974,2026-05-28,2026-05-29,2026-05-30,5,,
9 W 31st St. - Valet Garage,123852037,2026-05-22,2026-05-22,2026-05-31,5,,
150 W 38th St - Valet Garage,123684548,2026-05-20,2026-05-20,2026-05-26,5,,
150 W 38th St - Valet Garage,123462648,2026-05-17,2026-05-18,2026-05-28,5,,
150 W 38th St - Valet Garage,123865446,2026-05-28,2026-05-28,2026-05-29,5,,
150 W 38th St - Valet Garage,123776108,2026-05-21,2026-05-21,2026-05-28,1,,
450 E 63rd St. - Valet (Sutton Terrace Garage),124099360,2026-05-26,2026-05-26,2026-05-29,5,,
245 E 93rd St. - Valet (Astor Terrace Garage),124430695,2026-05-30,2026-05-31,2026-05-31,5,,
204 E 80th St. - Valet (SFG Garage),124102001,2026-05-27,2026-05-27,2026-05-29,5,,
450 E 63rd St. - Valet (Sutton Terrace Garage),124075623,2026-05-26,2026-05-26,2026-05-28,5,,
424 E 53rd St. - Rivercourt Valet Garage,123690611,2026-05-20,2026-05-20,2026-05-26,5,,
340 E 80th St. - Valet Garage,124123878,2026-05-26,2026-05-26,2026-05-27,5,,
258 Albany St. - Valet (200 Liberty St. Garage),124307314,2026-05-29,2026-05-30,2026-05-31,5,,
51 W 56th St. - Valet Garage,123381208,2026-05-16,2026-05-17,2026-05-28,5,,
200 Park Ave (167 Park Ave Viaduct)- Valet Garage,124220418,2026-05-27,2026-05-27,2026-05-28,5,,
90 Town Square Place - Garage,124373447,2026-05-29,2026-05-30,2026-05-30,4,,
154 E 53rd St. - Valet Garage,124174228,2026-05-27,2026-05-27,2026-05-27,5,,
345 W 58th St. - Valet Garage,123351010,2026-05-16,2026-05-17,2026-05-29,5,,
154 E 53rd St. - Valet Garage,124266257,2026-05-29,2026-05-29,2026-05-30,5,,
219 E 41st St. - Valet Garage,123561249,2026-05-18,2026-05-19,2026-05-30,5,,
200 E 61st St. - Valet Garage,123578202,2026-05-19,2026-05-19,2026-05-27,5,,
220 E 67th St. - Valet Garage,124329406,2026-05-29,2026-05-29,2026-05-29,5,,
3 Washington Square Village - Valet Garage,123736524,2026-05-21,2026-05-21,2026-05-31,5,,
137 Duffield St - 15 MetroTech Valet Garage,124282144,2026-05-28,2026-05-28,2026-05-28,5,,
3 Washington Square Village - Valet Garage,124071947,2026-05-30,2026-05-30,2026-05-30,5,,
165 W 65th St - Valet Garage,124238734,2026-05-28,2026-05-28,2026-05-28,5,,
25 North Blvd. (30 Newport Pkwy.) - Parkside Garage,124065628,2026-05-26,2026-05-26,2026-05-26,5,,
165 W 65th St - Valet Garage,124242963,2026-05-30,2026-05-30,2026-05-31,5,,
54 W 81st St. - American Museum Of Natural History Garage,124195293,2026-05-27,2026-05-27,2026-05-28,5,,
480 W 13th St (28 10th Ave) - Lot,123991559,2026-05-24,2026-05-24,2026-05-31,5,,
140 W 51st St. - Valet Garage,123832760,2026-05-22,2026-05-22,2026-05-26,5,,
561 Washington Blvd - Newport North Garage,124181665,2026-05-27,2026-05-27,2026-05-28,5,,
150 W 38th St - Valet Garage,123955494,2026-05-23,2026-05-24,2026-05-29,5,,
245 E 36th St. - Valet Lot,124199928,2026-05-30,2026-05-30,2026-05-30,5,,
150 W 38th St - Valet Garage,124142639,2026-05-26,2026-05-26,2026-05-26,5,,
101 Lincoln Ave. - Valet Garage,123541608,2026-05-18,2026-05-19,2026-05-30,5,,
18-20 Morton St. - Valet Garage,123849356,2026-05-22,2026-05-22,2026-05-29,5,,
140 W 53rd St. - Valet Garage,124413482,2026-05-29,2026-05-30,2026-05-30,5,,
300 Cadman Plaza West - Pierrepont Plaza - Valet Garage,123566987,2026-05-19,2026-05-20,2026-05-29,5,,
474 Warren St. - VYV Garage,124550948,2026-05-31,2026-05-31,2026-05-31,5,,
7 W 28th St. - Valet (Drucker Lot),123931642,2026-05-23,2026-05-23,2026-05-27,5,,
30 Park Ln. N - The Bisby Garage,124354882,2026-05-29,2026-05-29,2026-05-29,5,,
38 W 46th St. - Valet Garage,124076033,2026-05-26,2026-05-26,2026-05-31,5,,
30 River Ct. (1 River Dr. S) - Riverside Garage,123698843,2026-05-20,2026-05-20,2026-05-26,5,,
258 Albany St. - Valet (200 Liberty St. Garage),124016433,2026-05-24,2026-05-25,2026-05-27,5,,
107 W 31st St - Valet (Continental/Tower 111 Garage),123993374,2026-05-24,2026-05-26,2026-05-29,5,,
90 Town Square Place - Garage,124367117,2026-05-29,2026-05-29,2026-05-30,5,,
150 W 38th St - Valet Garage,123469261,2026-05-17,2026-05-17,2026-05-28,5,,
220 E 67th St. - Valet Garage,124188786,2026-05-27,2026-05-27,2026-05-28,2,,
123 E 53rd St. (375 Park Ave.) - Seagrams Building Valet Garage,124434555,2026-05-30,2026-05-30,2026-05-30,5,,
300 W 95th St (711 West End Ave) - Valet Garage,124184640,2026-05-27,2026-05-27,2026-05-31,5,,
103 Murray St. - (270 Greenwich Garage),123583505,2026-05-19,2026-05-19,2026-05-28,5,,
129 Roosevelt Ave. (40-24 College Point Blvd.) - Skyview Mall Garage,123061063,2026-05-14,2026-05-14,2026-05-28,5,,
18-20 Morton St. - Valet Garage,124010799,2026-05-24,2026-05-24,2026-05-31,5,,
140 W 53rd St. - Valet Garage,124263685,2026-05-28,2026-05-28,2026-05-31,5,,
1360 Fulton St. - Restoration Plaza Garage,124196041,2026-05-30,2026-05-30,2026-05-31,5,,
25 Waterside Plaza,124015584,2026-05-24,2026-05-26,2026-05-26,5,,
340 E 80th St. - Valet Garage,124144940,2026-05-28,2026-05-28,2026-05-30,5,,
25 Waterside Plaza,124285563,2026-05-28,2026-05-28,2026-05-29,5,,
185 E 85th St. - Valet (Park Lane Garage),123743322,2026-05-20,2026-05-21,2026-05-27,5,,
444 Washington Blvd. - Avalon Cove Lot,124414996,2026-05-29,2026-05-30,2026-05-30,5,,
185 E 85th St. - Valet (Park Lane Garage),124232589,2026-05-28,2026-05-28,2026-05-28,5,,
4650 Broadway - Valet Garage,124258868,2026-05-28,2026-05-29,2026-05-29,5,,
258 Albany St. - Valet (200 Liberty St. Garage),123813959,2026-05-21,2026-05-22,2026-05-28,5,,
106 W 30th St. - Kimpton Hotel Eventi Garage,124081816,2026-05-25,2026-05-26,2026-05-26,5,,
200 Park Ave (167 Park Ave Viaduct)- Valet Garage,124182357,2026-05-27,2026-05-27,2026-05-29,1,,
301 W 53rd St.- Valet Garage,124433779,2026-05-30,2026-05-30,2026-05-31,5,,
220 E 67th St. - Valet Garage,124128912,2026-05-26,2026-05-26,2026-05-27,5,,
23-25 W 55th St. - Valet Garage,124274329,2026-05-28,2026-05-28,2026-05-29,5,,
129 Roosevelt Ave. (40-24 College Point Blvd.) - Skyview Mall Garage,124061690,2026-05-25,2026-05-25,2026-05-28,5,,
267-271 W 47th St. - Valet Garage (Biltmore Theatre),123949987,2026-05-23,2026-05-26,2026-05-26,5,,
561 Washington Blvd - Newport North Garage,124183316,2026-05-28,2026-05-28,2026-05-29,5,,
150 W 38th St - Valet Garage,124080784,2026-05-25,2026-05-25,2026-05-26,5,,
140 W 53rd St. - Valet Garage,123549789,2026-05-18,2026-05-20,2026-05-28,5,,
150 W 38th St - Valet Garage,124403678,2026-05-30,2026-05-30,2026-05-30,5,,
E 20th St. and Ave. C - Skyport Surface Lot,123796976,2026-05-21,2026-05-22,2026-05-30,5,,
21 E 15th St. - Union Square Valet Garage,123931309,2026-05-23,2026-05-25,2026-05-26,5,,
30 Park Ln. N - The Bisby Garage,124194393,2026-05-27,2026-05-27,2026-05-27,5,,
1360 Fulton St. - Restoration Plaza Garage,124078470,2026-05-25,2026-05-25,2026-05-26,5,,
25 North Blvd. (30 Newport Pkwy.) - Parkside Garage,124324436,2026-05-29,2026-05-29,2026-05-31,5,,
450 E 63rd St. - Valet (Sutton Terrace Garage),124165589,2026-05-27,2026-05-27,2026-05-29,5,,
87 Edison Pl. - South Garage,124109342,2026-05-26,2026-05-26,2026-05-27,5,,
215 E 80th St. - Valet Garage,123829411,2026-05-22,2026-05-22,2026-05-29,5,,
301 W 53rd St.- Valet Garage,124054637,2026-05-25,2026-05-25,2026-05-27,5,,
38 W 46th St. - Valet Garage,124442302,2026-05-30,2026-05-31,2026-05-31,5,,
120 W 21st St. - Valet Garage,124119198,2026-05-26,2026-05-26,2026-05-27,5,,
38 W 46th St. - Valet Garage,124486410,2026-05-30,2026-05-31,2026-05-31,5,,
23-25 W 55th St. - Valet Garage,124138602,2026-05-26,2026-05-26,2026-05-27,5,,
77 Park Ave - Garage,124185521,2026-05-27,2026-05-27,2026-05-29,5,,
300 Cadman Plaza West - Pierrepont Plaza - Valet Garage,124165770,2026-05-27,2026-05-27,2026-05-29,5,,
200 Park Ave (167 Park Ave Viaduct)- Valet Garage,123582532,2026-05-18,2026-05-19,2026-05-28,5,,
21 E 15th St. - Union Square Valet Garage,124114867,2026-05-26,2026-05-26,2026-05-31,5,,
219 E 41st St. - Valet Garage,123996819,2026-05-27,2026-05-27,2026-05-27,5,,
450 E 63rd St. - Valet (Sutton Terrace Garage),124155319,2026-05-27,2026-05-27,2026-05-27,5,,
220 E 67th St. - Valet Garage,124435465,2026-05-30,2026-05-30,2026-05-31,5,,
20 W 13th St. - Valet Garage,123685643,2026-05-20,2026-05-20,2026-05-27,5,,
561 Washington Blvd - Newport North Garage,124271134,2026-05-28,2026-05-28,2026-05-28,5,,
51 W 56th St. - Valet Garage,123992970,2026-05-24,2026-05-24,2026-05-27,5,,
2 Mc Kenny St. - Panorama Valet Garage,123804745,2026-05-24,2026-05-24,2026-05-26,5,,
38 W 46th St. - Valet Garage,123849618,2026-05-22,2026-05-22,2026-05-28,5,,
2 Mc Kenny St. - Panorama Valet Garage,124195870,2026-05-27,2026-05-27,2026-05-28,5,,
60 North End Ave. (250 Vesey) - Valet Garage,123949553,2026-05-23,2026-05-23,2026-05-26,5,,
140 W 53rd St. - Valet Garage,124286199,2026-05-28,2026-05-28,2026-05-28,5,,
258 Albany St. - Valet (200 Liberty St. Garage),123790993,2026-05-21,2026-05-21,2026-05-29,5,,
140 W 53rd St. - Valet Garage,124452904,2026-05-30,2026-05-30,2026-05-31,5,,
154 E 53rd St. - Valet Garage,124122081,2026-05-27,2026-05-27,2026-05-29,5,,
E 20th St. and Ave. C - Skyport Surface Lot,123586819,2026-05-19,2026-05-21,2026-05-26,5,,
200 Cadman Plaza West (75 Henry St. - Valet Garage),123764281,2026-05-21,2026-05-21,2026-05-26,5,,
444 Washington Blvd. - Avalon Cove Lot,124111572,2026-05-26,2026-05-26,2026-05-27,5,,
200 Cadman Plaza West (75 Henry St. - Valet Garage),124152679,2026-05-27,2026-05-29,2026-05-30,5,,
150 W 90th St. (189 W 89th St.) - Garage,124224624,2026-05-28,2026-05-29,2026-05-30,5,,
219 E 41st St. - Valet Garage,124198664,2026-05-27,2026-05-27,2026-05-28,5,,
670 Baltic St. (120 5th Ave.) - Garage,123980323,2026-05-24,2026-05-24,2026-05-28,5,,
220 E 67th St. - Valet Garage,124252378,2026-05-28,2026-05-28,2026-05-30,5,,
54 W 81st St. - American Museum Of Natural History Garage,123030038,2026-05-13,2026-05-13,2026-05-26,5,,
165 W 65th St - Valet Garage,124310432,2026-05-30,2026-05-30,2026-05-31,5,,
106 W 30th St. - Kimpton Hotel Eventi Garage,124009288,2026-05-24,2026-05-25,2026-05-26,3,,
3 Washington Square Village - Valet Garage,124053502,2026-05-26,2026-05-26,2026-05-27,5,,
301 W 53rd St.- Valet Garage,124150919,2026-05-27,2026-05-27,2026-05-28,5,,
60 W 66th St. (2 Lincoln Plaza) - Valet Garage,124493669,2026-05-31,2026-05-31,2026-05-31,5,,
301 W 53rd St.- Valet Garage,124216198,2026-05-27,2026-05-27,2026-05-29,5,,
101 Lincoln Ave. - Valet Garage,124264464,2026-05-28,2026-05-28,2026-05-29,5,,
120 W 21st St. - Valet Garage,124355716,2026-05-29,2026-05-29,2026-05-30,5,,
3711 138th St. - Flushing Commons Lot,124022136,2026-05-25,2026-05-25,2026-05-27,5,,
80 W 28th St. - Aston Valet Garage,124269244,2026-05-28,2026-05-28,2026-05-31,5,,
138-20 39th Ave. - Flushing Commons South Garage,124515911,2026-05-31,2026-05-31,2026-05-31,5,,
150 W 38th St - Valet Garage,124144240,2026-05-26,2026-05-26,2026-05-27,5,,
25 North Blvd. (30 Newport Pkwy.) - Parkside Garage,123591455,2026-05-24,2026-05-24,2026-05-31,5,,
103 Murray St. - (270 Greenwich Garage),123765159,2026-05-21,2026-05-21,2026-05-26,5,,
150 W 90th St. (189 W 89th St.) - Garage,124306893,2026-05-28,2026-05-29,2026-05-29,5,,
101 Worth St. - Valet (Foley Square Garage),124258190,2026-05-28,2026-05-28,2026-05-29,5,,
106 W 30th St. - Kimpton Hotel Eventi Garage,123820303,2026-05-24,2026-05-25,2026-05-26,5,,
450 E 63rd St. - Valet (Sutton Terrace Garage),123835939,2026-05-22,2026-05-22,2026-05-26,4,,
301 W 53rd St.- Valet Garage,124147220,2026-05-26,2026-05-26,2026-05-28,5,,
450 E 63rd St. - Valet (Sutton Terrace Garage),124315464,2026-05-29,2026-05-31,2026-05-31,5,,
31 W 52nd St. - Valet Garage (CBS Building),123665388,2026-05-20,2026-05-20,2026-05-26,5,,
340 E 80th St. - Valet Garage,123651563,2026-05-20,2026-05-20,2026-05-26,5,,
200 E 161st St. - Garage (Concourse Plaza),123801304,2026-05-21,2026-05-21,2026-05-27,5,,
204 E 80th St. - Valet (SFG Garage),124130451,2026-05-26,2026-05-26,2026-05-27,5,,
150 W 38th St - Valet Garage,123554336,2026-05-21,2026-05-22,2026-05-30,1,,
424 E 53rd St. - Rivercourt Valet Garage,124109553,2026-05-26,2026-05-26,2026-05-27,5,,
150 W 38th St - Valet Garage,124197991,2026-05-27,2026-05-27,2026-05-28,5,,
258 Albany St. - Valet (200 Liberty St. Garage),123763435,2026-05-21,2026-05-21,2026-05-27,5,,
150 W 38th St - Valet Garage,124307300,2026-05-28,2026-05-29,2026-05-29,5,,
200 Park Ave (167 Park Ave Viaduct)- Valet Garage,124392774,2026-05-29,2026-05-30,2026-05-30,5,,
18-20 Morton St. - Valet Garage,124140861,2026-05-28,2026-05-28,2026-05-29,5,,
154 E 53rd St. - Valet Garage,124211513,2026-05-27,2026-05-27,2026-05-28,5,,
450 E 63rd St. - Valet (Sutton Terrace Garage),124176874,2026-05-27,2026-05-28,2026-05-30,5,,
154 E 53rd St. - Valet Garage,124365862,2026-05-29,2026-05-30,2026-05-31,5,,
340 E 80th St. - Valet Garage,124344482,2026-05-29,2026-05-29,2026-05-31,5,,
200 Cadman Plaza West (75 Henry St. - Valet Garage),123794713,2026-05-21,2026-05-22,2026-05-28,5,,
215 E 80th St. - Valet Garage,124274279,2026-05-28,2026-05-28,2026-05-29,5,,
300 W 95th St (711 West End Ave) - Valet Garage,124080096,2026-05-26,2026-05-26,2026-05-26,5,,
204 E 80th St. - Valet (SFG Garage),124052167,2026-05-26,2026-05-26,2026-05-26,5,,
2 Metrotech (100 Myrtle Ave),124169201,2026-05-26,2026-05-27,2026-05-28,1,,
51 W 56th St. - Valet Garage,123417792,2026-05-16,2026-05-17,2026-05-28,5,,
2 Journal Square Plaza - Journal Square Garage,123870161,2026-05-22,2026-05-22,2026-05-30,5,,
38 W 46th St. - Valet Garage,123830913,2026-05-22,2026-05-22,2026-05-28,3,,
4 E 72nd St - 910 5th Ave Building - Valet Garage,123275018,2026-05-15,2026-05-15,2026-05-28,5,,
258 Albany St. - Valet (200 Liberty St. Garage),124092669,2026-05-26,2026-05-26,2026-05-27,5,,
165 W 65th St - Valet Garage,124385262,2026-05-29,2026-05-29,2026-05-31,5,,
345 W 58th St. - Valet Garage,124119124,2026-05-26,2026-05-26,2026-05-26,5,,
60 W 66th St. (2 Lincoln Plaza) - Valet Garage,123776981,2026-05-21,2026-05-22,2026-05-26,5,,
200 Park Ave (167 Park Ave Viaduct)- Valet Garage,124192106,2026-05-27,2026-05-27,2026-05-28,5,,
60 W 66th St. (2 Lincoln Plaza) - Valet Garage,124313449,2026-05-28,2026-05-29,2026-05-31,5,,
219 E 41st St. - Valet Garage,124245885,2026-05-28,2026-05-28,2026-05-28,4,,
60 W 66th St. (2 Lincoln Plaza) - Valet Garage,124383269,2026-05-30,2026-05-30,2026-05-31,5,,
220 E 67th St. - Valet Garage,124155159,2026-05-27,2026-05-27,2026-05-29,5,,
129 Roosevelt Ave. (40-24 College Point Blvd.) - Skyview Mall Garage,122325417,2026-05-24,2026-05-25,2026-05-26,5,,
200 E 61st St. - Valet Garage,124513025,2026-05-31,2026-05-31,2026-05-31,5,,
129 Roosevelt Ave. (40-24 College Point Blvd.) - Skyview Mall Garage,124304402,2026-05-29,2026-05-30,2026-05-30,5,,
470 Dean St. (215 Flatbush Ave.) - Valet,123839398,2026-05-27,2026-05-27,2026-05-27,5,,
129 Roosevelt Ave. (40-24 College Point Blvd.) - Skyview Mall Garage,124316218,2026-05-28,2026-05-28,2026-05-28,5,,
4 E 72nd St - 910 5th Ave Building - Valet Garage,124261977,2026-05-28,2026-05-28,2026-05-30,1,,
515 E 79th St. - Valet Garage,124182107,2026-05-27,2026-05-27,2026-05-28,5,,
60 W 66th St. (2 Lincoln Plaza) - Valet Garage,124139749,2026-05-28,2026-05-28,2026-05-29,5,,
E 20th St. and Ave. C - Skyport Surface Lot,122985266,2026-05-11,2026-05-21,2026-05-26,5,,
480 W 13th St (28 10th Ave) - Lot,123103557,2026-05-14,2026-05-14,2026-05-26,5,,
50 River Dr. S - Garage,123204680,2026-05-14,2026-05-14,2026-05-28,5,,
480 W 13th St (28 10th Ave) - Lot,123342282,2026-05-15,2026-05-15,2026-05-28,5,,
25 North Blvd. (30 Newport Pkwy.) - Parkside Garage,124389082,2026-05-29,2026-05-30,2026-05-30,5,,
480 W 13th St (28 10th Ave) - Lot,124362027,2026-05-29,2026-05-29,2026-05-30,5,,
87 Edison Pl. - South Garage,120908956,2026-05-14,2026-05-14,2026-05-27,5,,
50 River Dr. S - Garage,124183217,2026-05-27,2026-05-27,2026-05-31,5,,
87 Edison Pl. - South Garage,120966436,2026-05-28,2026-05-28,2026-05-29,5,,
25 North Blvd. (30 Newport Pkwy.) - Parkside Garage,124259127,2026-05-28,2026-05-28,2026-05-29,5,,
31 W 52nd St. - Valet Garage (CBS Building),124430373,2026-05-30,2026-05-30,2026-05-31,5,,
87 Edison Pl. - South Garage,123587996,2026-05-19,2026-05-19,2026-05-28,5,,
140 W 51st St. - Valet Garage,123923154,2026-05-24,2026-05-24,2026-05-28,4,,
140 W 51st St. - Valet Garage,123835411,2026-05-23,2026-05-24,2026-05-26,5,,
140 W 51st St. - Valet Garage,124109096,2026-05-26,2026-05-26,2026-05-26,5,,
140 W 51st St. - Valet Garage,124234468,2026-05-27,2026-05-28,2026-05-29,5,,
23-25 W 55th St. - Valet Garage,123596099,2026-05-19,2026-05-19,2026-05-27,5,,
220 E 65th St. - Valet (Concorde Garage),124171097,2026-05-27,2026-05-27,2026-05-28,5,,
103 Murray St. - (270 Greenwich Garage),124260849,2026-05-28,2026-05-28,2026-05-30,5,,
220 E 65th St. - Valet (Concorde Garage),124225918,2026-05-27,2026-05-28,2026-05-29,5,,
7 W 28th St. - Valet (Drucker Lot),124220839,2026-05-27,2026-05-28,2026-05-31,5,,
107 W 31st St - Valet (Continental/Tower 111 Garage),123491507,2026-05-25,2026-05-26,2026-05-26,5,,
450 E 63rd St. - Valet (Sutton Terrace Garage),123516011,2026-05-17,2026-05-22,2026-05-26,5,,
107 W 31st St - Valet (Continental/Tower 111 Garage),123648175,2026-05-21,2026-05-22,2026-05-27,5,,
20 W 13th St. - Valet Garage,124357656,2026-05-29,2026-05-29,2026-05-30,5,,
18-20 Morton St. - Valet Garage,123806924,2026-05-21,2026-05-22,2026-05-29,5,,
90 Town Square Place - Garage,124229790,2026-05-27,2026-05-30,2026-05-31,5,,
7 W 28th St. - Valet (Drucker Lot),124114401,2026-05-26,2026-05-26,2026-05-27,5,,
345 W 58th St. - Valet Garage,123917464,2026-05-24,2026-05-25,2026-05-26,5,,
450 E 63rd St. - Valet (Sutton Terrace Garage),124271537,2026-05-28,2026-05-28,2026-05-30,4,,
219 E 41st St. - Valet Garage,123560968,2026-05-18,2026-05-18,2026-05-30,5,,
450 E 63rd St. - Valet (Sutton Terrace Garage),124326086,2026-05-29,2026-05-29,2026-05-31,4,,
219 E 41st St. - Valet Garage,124326121,2026-05-28,2026-05-29,2026-05-29,5,,
450 E 63rd St. - Valet (Sutton Terrace Garage),124400792,2026-05-29,2026-05-31,2026-05-31,5,,
29-33 E 50th St. - New York Palace Valet,124392449,2026-05-29,2026-05-30,2026-05-30,5,,
340 E 80th St. - Valet Garage,123870265,2026-05-22,2026-05-22,2026-05-28,5,,
4 E 72nd St - 910 5th Ave Building - Valet Garage,123917005,2026-05-23,2026-05-24,2026-05-26,5,,
204 E 80th St. - Valet (SFG Garage),124353550,2026-05-29,2026-05-29,2026-05-30,5,,
165 W 65th St - Valet Garage,123504667,2026-05-26,2026-05-26,2026-05-27,5,,
20 W 13th St. - Valet Garage,124368849,2026-05-29,2026-05-29,2026-05-30,5,,
2 Mall Dr. East (479 Rear Washington Blvd.) - Newport South - Garage,124024128,2026-05-24,2026-05-25,2026-05-26,5,,
185 E 85th St. - Valet (Park Lane Garage),124328771,2026-05-30,2026-05-31,2026-05-31,5,,
2 Mall Dr. East (479 Rear Washington Blvd.) - Newport South - Garage,124150853,2026-05-26,2026-05-26,2026-05-31,4,,
424 E 53rd St. - Rivercourt Valet Garage,124219128,2026-05-27,2026-05-27,2026-05-29,5,,
140 W 53rd St. - Valet Garage,123890752,2026-05-23,2026-05-25,2026-05-30,1,,
545 E 116th St. (East River Plaza) - Garage,124109291,2026-05-28,2026-05-29,2026-05-29,4,,
515 E 79th St. - Valet Garage,123762477,2026-05-21,2026-05-21,2026-05-28,5,,
60 North End Ave. (250 Vesey) - Valet Garage,123917974,2026-05-27,2026-05-27,2026-05-28,5,,
50 River Dr. S - Garage,124079415,2026-05-26,2026-05-26,2026-05-26,5,,
60 North End Ave. (250 Vesey) - Valet Garage,124488343,2026-05-30,2026-05-30,2026-06-01,5,,
66 Hale Ave. - Sonesta White Plains Hotel Garage,123967151,2026-05-26,2026-05-26,2026-05-26,5,,
60 North End Ave. (250 Vesey) - Valet Garage,124535877,2026-05-31,2026-05-31,2026-05-31,5,,
301 W 53rd St.- Valet Garage,124526677,2026-05-31,2026-05-31,2026-05-31,5,,
258 Albany St. - Valet (200 Liberty St. Garage),124259272,2026-05-28,2026-05-28,2026-05-31,5,,
31 W 52nd St. - Valet Garage (CBS Building),124313076,2026-05-28,2026-05-29,2026-05-30,5,,
90 Town Square Place - Garage,123744960,2026-05-21,2026-05-21,2026-05-29,5,,
140 W 51st St. - Valet Garage,123844120,2026-05-22,2026-05-22,2026-05-30,5,,
219 E 41st St. - Valet Garage,124189245,2026-05-27,2026-05-27,2026-05-28,5,,
80 W 28th St. - Aston Valet Garage,123568439,2026-05-19,2026-05-19,2026-05-29,5,,
2 Metrotech (100 Myrtle Ave),124152382,2026-05-26,2026-05-27,2026-05-27,5,,
9 W 31st St. - Valet Garage,124131196,2026-05-26,2026-05-26,2026-05-31,5,,
4 E 72nd St - 910 5th Ave Building - Valet Garage,123642469,2026-05-20,2026-05-20,2026-05-28,4,,
150 W 38th St - Valet Garage,123801926,2026-05-27,2026-05-27,2026-05-28,5,,
129 Roosevelt Ave. (40-24 College Point Blvd.) - Skyview Mall Garage,121668382,2026-05-31,2026-05-31,2026-05-31,5,,
150 W 38th St - Valet Garage,124459867,2026-05-30,2026-05-30,2026-05-30,5,,
129 Roosevelt Ave. (40-24 College Point Blvd.) - Skyview Mall Garage,124214870,2026-05-27,2026-05-28,2026-05-28,5,,
245 E 93rd St. - Valet (Astor Terrace Garage),124220182,2026-05-27,2026-05-28,2026-05-31,5,,
245 E 36th St. - Valet Lot,124245417,2026-05-28,2026-05-28,2026-05-29,5,,
18-20 Morton St. - Valet Garage,123826127,2026-05-22,2026-05-22,2026-05-28,5,,
474 Warren St. - VYV Garage,123576985,2026-05-18,2026-05-18,2026-05-31,2,,
7 W 28th St. - Valet (Drucker Lot),123987739,2026-05-24,2026-05-24,2026-05-30,5,,
50 River Dr. S - Garage,124111093,2026-05-26,2026-05-26,2026-05-28,5,,
450 E 63rd St. - Valet (Sutton Terrace Garage),123875341,2026-05-22,2026-05-23,2026-05-28,5,,
538 E 85th St. (110 East End Ave.) - Valet Garage,123760991,2026-05-21,2026-05-21,2026-05-27,5,,
450 E 63rd St. - Valet (Sutton Terrace Garage),124227950,2026-05-28,2026-05-28,2026-05-31,5,,
538 E 85th St. (110 East End Ave.) - Valet Garage,124110751,2026-05-26,2026-05-26,2026-05-29,5,,
340 E 80th St. - Valet Garage,124159728,2026-05-27,2026-05-28,2026-05-28,5,,
444 Washington Blvd. - Avalon Cove Lot,124092625,2026-05-26,2026-05-26,2026-05-31,5,,
185 E 85th St. - Valet (Park Lane Garage),124058458,2026-05-25,2026-05-25,2026-05-27,5,,
301 W 53rd St.- Valet Garage,124207917,2026-05-27,2026-05-27,2026-05-29,5,,
90 Town Square Place - Garage,123847034,2026-05-22,2026-05-22,2026-05-29,5,,
140 W 51st St. - Valet Garage,124048543,2026-05-30,2026-05-31,2026-05-31,5,,
345 W 58th St. - Valet Garage,123898178,2026-05-23,2026-05-23,2026-05-27,5,,
251 Pearl St. - Valet Lot,125027106,2026-06-06,2026-06-06,2026-06-07,1,"when I arrived on time at my pre paid parking spot, I was told there was NO space available for me to park, and to take it up with the management.
I will be contacting you to receive a refund !!! You will be hearing from me this morning regarding this very bad experience.",
3711 138th St. - Flushing Commons Lot,124052800,2026-05-25,2026-05-25,2026-06-04,1,"spots were filled when I arrived.  I circled the lot 15 minutes until I found a spot.  Then I received a notice that I owed $8.45 because they said my car left the lot.  The video shows I did not leave the lot, only circled a bunch of times.",
204 E 80th St. - Valet (SFG Garage),125037335,2026-06-06,2026-06-07,2026-06-07,1,scratched up the drivers car seat,
204 E 80th St. - Valet (SFG Garage),124783049,2026-06-03,2026-06-04,2026-06-04,1,Wouldn’t let us in,
200 E 161st St. - Garage (Concourse Plaza),125073009,2026-06-07,2026-06-07,2026-06-07,4,Would have received five stars but the parking lot in the shopping center itself was totally trashed. So sad to see :(,
513 W 180th St. (2420 Amsterdam Ave.)  - Radio Hotel Garage,124419964,2026-05-30,2026-05-30,2026-06-07,5,Wonderful garage every time love it!,
513 W 180th St. (2420 Amsterdam Ave.)  - Radio Hotel Garage,124976272,2026-06-06,2026-06-06,2026-06-07,1,Wish I could give 0 stars! Over 40 mins to get my car out of the lot. Do not recommend,
140 W 51st St. - Valet Garage,124217160,2026-06-02,2026-06-02,2026-06-06,2,"When I went to pick up my car after spending 10 hours in New York sightseeing, the valet that parked my car was parking cars in a nearby hotel and had my car key in his pocket.  I had to wait an additional 30 minutes for him to return.  Why would you keep someone's key with you.",
325 St Marks Pl. - Lot,125081155,2026-06-07,2026-06-07,2026-06-07,1,When I arrived they were no spots left!,
107 W 31st St - Valet (Continental/Tower 111 Garage),125029781,2026-06-06,2026-06-07,2026-06-07,1,"We got to parking garage with a guaranteed spot and they told us it was full.  Very disappointing.  We paid for parking on spot hero, looking for a reimbursement.",
2 Mc Kenny St. - Panorama Valet Garage,124417238,2026-05-30,2026-06-01,2026-06-02,5,"We are from out of town, 2nd time I used this garage in a month, will continue to use in the future.",
2 Mc Kenny St. - Panorama Valet Garage,124458567,2026-05-30,2026-05-30,2026-06-02,2,Was full after booking spot,
39 E 29th St - Valet Garage,125019299,2026-06-06,2026-06-06,2026-06-07,1,"Was directed to another lot because this one was full, then had to pay again to get my car.",
300 Cadman Plaza West - Pierrepont Plaza - Valet Garage,124740571,2026-06-03,2026-06-03,2026-06-04,1,Very long to get in very long to get out,
20 W 13th St. - Valet Garage,124806783,2026-06-04,2026-06-05,2026-06-06,5,Very friendly and knowledgeable staff,
103 Murray St. - (270 Greenwich Garage),124755879,2026-06-03,2026-06-03,2026-06-04,5,"Very easy and safe way to find parking
Thank you SPOT HERO",
513 W 180th St. (2420 Amsterdam Ave.)  - Radio Hotel Garage,124160319,2026-06-02,2026-06-02,2026-06-03,1,Took 30 mins to get the car after we entered information on the app. They charged me additional money for my Q7 when I specifically entered the model number and type of car in the booking. The two attendants were just idiots who couldn’t speak English. I would avoid at all costs. Better to find street parking. Waiting for these idiot attendants to get my car. I would give these people Zero stars.,
301 W 53rd St.- Valet Garage,124684206,2026-06-02,2026-06-04,2026-06-05,3,"Things are always tricky at Metropolis, where I've had issues in the past.  They tell you to request your car via a link, which goes ahead and tries to charge you twice the amount already paid on SpotHero.  Thankfully I backed out without repaying, and retrieved my car without issue.",
38 W 46th St. - Valet Garage,124123780,2026-05-30,2026-05-30,2026-06-02,2,They told me there was no more space to park so I had to go to a different place.,
150 W 38th St - Valet Garage,124932287,2026-06-06,2026-06-07,2026-06-06,1,They made me pay for oversize car. I paid extra for vehicle type while  booking parking,
204 E 80th St. - Valet (SFG Garage),124429222,2026-05-30,2026-05-31,2026-06-07,1,They locked my car in overnight even though they closed at 2am and it was 110 then only offered me free parking two more times which is useless because I dont drive into the city,
106 W 30th St. - Kimpton Hotel Eventi Garage,123985295,2026-06-01,2026-06-01,2026-06-03,4,There were a lot of people waiting when I pulled up. Employees seemed overwhelmed and it just seemed a little unorganized. But the person that helped me was very nice.,
474 Warren St. - VYV Garage,123994399,2026-05-24,2026-05-25,2026-06-05,3,There was no way to get back in at night via the door. We had to get in via the cars entrance (which was not safe) and then walk up to the car.,
51 W 56th St. - Valet Garage,124740940,2026-06-03,2026-06-03,2026-06-05,5,The team here is always excellent and helpful.  Makes something that is normally a chore into a pleasant experience,
140 W 51st St. - Valet Garage,124797850,2026-06-05,2026-06-05,2026-06-05,5,"The only thing I would say is just be careful because the top address on the sign says 132 W. 51st St. but it’s really 140. Otherwise, great experience.",
838 11th Ave (555 W 57th St) - Valet Garage (BMW Building),124687988,2026-06-02,2026-06-02,2026-06-03,4,"The location indicated the entrance was on 555 West 57th Street when it was only on 838 11th Avenue, which problems since my passenger has mobility issues.  The part that reads 555 West 57 st should be deleted since it is misleading.",
60 W 66th St. (2 Lincoln Plaza) - Valet Garage,124639530,2026-06-02,2026-06-03,2026-06-03,5,"The gargage attendant was so efficient, polite and so pleasant. He just couldn't have been nicer. I would go back to this garage in a second! Give him a raise, he deserves it!!!!",
150 W 38th St - Valet Garage,124993375,2026-06-06,2026-06-06,2026-06-07,4,"The attendants were v nice. Price was great. However, parking for daily parking is on the 5th floor. I was on crutches. The elevator was completely out of service. I had to take the stairs and they were filthy and didn't it didn't feel safe with lack of visibility.",
106 W 30th St. - Kimpton Hotel Eventi Garage,124915911,2026-06-05,2026-06-06,2026-06-07,3,The attendant was very rude,
60 W 66th St. (2 Lincoln Plaza) - Valet Garage,124602489,2026-06-01,2026-06-01,2026-06-02,5,"The attendant was friendly and efficient. The facility, clean and convenient .",
450 E 63rd St. - Valet (Sutton Terrace Garage),124376175,2026-05-29,2026-05-31,2026-06-02,1,The app was GREAT at finding a place to park near our location. It was HORRIBLE at navigating us to the spot. The app took us 20 blocks AWAY from our booked parking location in Manhattan!!!! Incredibly frustrating to waste an hour of our vacation trying to not hit pedestrians AND navigate one way streets when our parking spot was 453 feet from where we were located.,
140 W 51st St. - Valet Garage,124935048,2026-06-05,2026-06-06,2026-06-06,1,The address I searched for was different than what the what was suggested. I did not need the parking at this location,
120 W 21st St. - Valet Garage,124558825,2026-06-04,2026-06-04,2026-06-05,5,Staff on June 4th was very attentive and friendly had my car ready by the time I got there way better experience than the day before.,
345 W 58th St. - Valet Garage,125033691,2026-06-06,2026-06-06,2026-06-07,4,"Smooth entry,no ticket given ,instead text message which was never receive,led to wait for 10 minutes until resolved !",
470 Dean St. (215 Flatbush Ave.) - Valet,124649784,2026-06-02,2026-06-03,2026-06-03,1,Service was horrible. There was no order when picking up the car. There was no system in place. I waited over an hour to get my car after the event I attended.,
245 E 93rd St. - Valet (Astor Terrace Garage),124689462,2026-06-06,2026-06-06,2026-06-06,5,"Seamless experience, very nice facility.",
513 W 180th St. (2420 Amsterdam Ave.)  - Radio Hotel Garage,124938547,2026-06-06,2026-06-06,2026-06-06,1,"Said they were full, wouldn’t let me park.",
77 Park Ave - Garage,124320458,2026-05-28,2026-05-29,2026-06-02,1,QR code would not work to exit.  I had to call customer service to get out.  The customer service agent was rude and acted like they were doing me a favor.,
60 W 66th St. (2 Lincoln Plaza) - Valet Garage,124465846,2026-05-31,2026-05-31,2026-06-02,5,Parking attendant was extremely gracious. It was one of my best experiences parking in Manhattan.,
21 E 15th St. - Union Square Valet Garage,124575349,2026-06-01,2026-06-01,2026-06-02,1,Parking attendant insulted my intelligence for using spot hero and not just paying the early bird rate…which would have actually cost me more money than the spot hero price.,
25 Wall St. - Lot,124429558,2026-05-30,2026-05-31,2026-06-02,5,Overall great experience. Space is a little tight for my minivan but manageable.,
4 E 72nd St - 910 5th Ave Building - Valet Garage,124867160,2026-06-06,2026-06-07,2026-06-07,1,"Our attendant did not believe us that we already paid an oversized vehicle fee on our SpotHero booking. He was comparing the SpotHero rate that we had to what the garage normally charges if you don’t use SpotHero. Until we argued with him for thirty minutes, he finally got our car. The attendant let at least 7 other people after us get their cars. I do not think this garage should use SpotHero. I will never use this garage and do not recommend it to anyone, especially if they have SpotHero!",
470 Dean St. (215 Flatbush Ave.) - Valet,124091806,2026-06-05,2026-06-06,2026-06-07,3,Only one person working during the busiest time . The drop off process took longer than it should’ve .,
25 New St. (609 Broad St.) - Garage,124249846,2026-05-28,2026-05-28,2026-06-05,1,Not enough parking. Extremely tight for larger vehicles.,
200 E 161st St. - Garage (Concourse Plaza),124910790,2026-06-05,2026-06-05,2026-06-07,2,"No kiosks anymore, forcing an app that doesn’t work with SpotHero",
267-271 W 47th St. - Valet Garage (Biltmore Theatre),124512723,2026-06-02,2026-06-02,2026-06-03,5,Manuel was fantastic.  Great service!,
31 W 52nd St. - Valet Garage (CBS Building),125051182,2026-06-06,2026-06-07,2026-06-07,5,Love it ! Highly recommended,
54 W 81st St. - American Museum Of Natural History Garage,123909626,2026-05-23,2026-05-23,2026-06-02,4,Left our keys outside on the windshield. No one checked as we just got in the car and left,
258 Albany St. - Valet (200 Liberty St. Garage),124747483,2026-06-03,2026-06-03,2026-06-04,5,I’ve parked here a few times now and the staff is unbelievably nice. It’s super affordable and has become my home base when I drive into the city.,
3 Washington Square Village - Valet Garage,121411364,2026-05-31,2026-06-02,2026-06-03,5,It's a wonderful feeling to have a pre-selected spot paid for in advance waiting for me when I arrive.,
300 Cadman Plaza West - Pierrepont Plaza - Valet Garage,124827775,2026-06-04,2026-06-04,2026-06-06,1,It took more than 30 minutes to park and more than 15 minutes to get my car. The attendants didn’t seem to care about how long it was taking.,
138-20 39th Ave. - Flushing Commons South Garage,116244390,2026-06-06,2026-06-06,2026-06-06,4,"In and out was easy. Location was great. But very confusing how to redeem, nowhere to scan/tap pass, no one staffed at the garage. Assuming cameras will match my license plate to reservation?",
54 W 81st St. - American Museum Of Natural History Garage,124688874,2026-06-02,2026-06-02,2026-06-04,1,"I use Spot Hero in the cities that I visit, mostly for discounted pricing. When I entered the Museum parking garage, the listed price at the garage was $55 as a daily maximum.  My Spot Hero price was $77.  Why was Spot Hero higher when you promote discounted rates?",
9 W 31st St. - Valet Garage,124898918,2026-06-05,2026-06-05,2026-06-05,1,I think they tried to scam me,
513 W 180th St. (2420 Amsterdam Ave.)  - Radio Hotel Garage,124992405,2026-06-06,2026-06-06,2026-06-07,1,"I printed my confirmation. After I waited 45 minutes in line, the attendant said my printed confirmation was not valid.",
513 W 180th St. (2420 Amsterdam Ave.)  - Radio Hotel Garage,124766627,2026-06-05,2026-06-05,2026-06-06,4,I love SpotHero. It is a really good resource with excellent customer service. Not your fault but I was surprised how expensive the area was for parking. The garage was very good however and 2 blocks from the library I was teaching a cooking class in. I don't make much money so this was a big hit.,
107 W 31st St - Valet (Continental/Tower 111 Garage),124917127,2026-06-05,2026-06-06,2026-06-06,1,I got there and they never reserved my spot then and then couldn’t take my car because the garage was full. A pre-paid garage spot should know about my reservation and should keep spot open accordingly. Very unhappy about this.,
561 Washington Blvd - Newport North Garage,124730493,2026-06-03,2026-06-03,2026-06-05,2,I asked in the morning and was told I could just drive out. Had an issue leaving and had to text first and then call customer service before I was able to exit the garage.,
150 W 90th St. (189 W 89th St.) - Garage,124961164,2026-06-06,2026-06-06,2026-06-07,1,I arrived and there was no parking spots left. Was still charged for the reservation. Very unfair,
25 North Blvd. (30 Newport Pkwy.) - Parkside Garage,125016865,2026-06-06,2026-06-06,2026-06-07,4,Had exit issues,
258 Albany St. - Valet (200 Liberty St. Garage),124784111,2026-06-03,2026-06-04,2026-06-05,3,"Great valets, very professional. Clean and well lit facility. Rude security staff and a very strange unlock-yourself-out-of-a-tiny-elevator-lobby method. I would avoid this facility next time even if I have to pay a few dollars extra.",
340 E 80th St. - Valet Garage,124901526,2026-06-05,2026-06-05,2026-06-05,5,"Great parking, excellent service.",
120 W 21st St. - Valet Garage,124791490,2026-06-03,2026-06-05,2026-06-07,5,Great experience all around. I love Spot Hero!,
444 Washington Blvd. - Avalon Cove Lot,124573923,2026-06-01,2026-06-01,2026-06-07,4,Good for sedan-sized cars and challenging to park an SUV.,
25 North Blvd. (30 Newport Pkwy.) - Parkside Garage,125057646,2026-06-06,2026-06-07,2026-06-07,3,Gate did not work,
513 W 180th St. (2420 Amsterdam Ave.)  - Radio Hotel Garage,125000233,2026-06-06,2026-06-06,2026-06-06,1,Garage was full when we got there despite being guaranteed.,
54 W 81st St. - American Museum Of Natural History Garage,124793731,2026-06-04,2026-06-04,2026-06-04,2,"For the amount of parking spaces available, WAY overpriced! And to charge extra because a Pilot is considered an SUV????  BS!!!! 🙄",
2 Metrotech (100 Myrtle Ave),124715674,2026-06-05,2026-06-06,2026-06-07,5,"Facility was clean , it was a great value and close to the venue. I also felt safe and secure inside the facility. I initially did not see the instructions on how to check in but the facility staff explained where to check out and there was no problem exiting the facility.",
245 E 36th St. - Valet Lot,124714048,2026-06-03,2026-06-03,2026-06-04,5,FACILITY WAS 1 BLOCK FROM WHERE I NEEDED TO GO,
4 E 72nd St - 910 5th Ave Building - Valet Garage,123532685,2026-05-20,2026-05-21,2026-06-02,5,Excellent parking garage. The location is perfect for the Upper East Side. I would highly suggest making a Spothero reservation that way you’ll never have an issue finding a parking space. Very nice staff who were very helpful.,
7 W 28th St. - Valet (Drucker Lot),124947080,2026-06-05,2026-06-05,2026-06-07,2,"Everything was great but when I picked up the car, they charged me an extra $66. I was over the time that I put on SpotHero by an hour, but the rate for an hour was $25.  Not sure why I was charged $66.",
87 Edison Pl. - South Garage,124704334,2026-06-03,2026-06-03,2026-06-04,5,Easy to enter but not to exit.,
345 W 58th St. - Valet Garage,124835594,2026-06-04,2026-06-04,2026-06-05,5,"Easily found the garage, entered and exited within a few moments. Upon arrival to retrieve vehicle, it was waiting for me. Staff was super friendly and accommodating. Excellent Garage will use them again when in that area.",
215 E 80th St. - Valet Garage,125083607,2026-06-07,2026-06-07,2026-06-08,1,Do not park here. The attendant was so rude for no reason. He had a bad attitude. Check the low 2 star ratings based in the poor service on Google Maps. Avoid.,
4 E 72nd St - 910 5th Ave Building - Valet Garage,124581164,2026-06-01,2026-06-01,2026-06-03,5,Directions are confusing. The address given is 4 E 72nd St. But the entrance is on the north (odd) side of 72nd St. You should note this in your directions. (The directions do correctly state that the entrance is on the NE corner of 72nd and 5th.),
140 W 53rd St. - Valet Garage,122557556,2026-06-02,2026-06-04,2026-06-04,5,"Difficult finding garage
Address not shown on outside of garage and attendant had a hard time understanding reservation",
107 W 31st St - Valet (Continental/Tower 111 Garage),124699609,2026-06-05,2026-06-06,2026-06-06,1,Didn’t accept my reservation and was very rude,
140 W 53rd St. - Valet Garage,125059773,2026-06-07,2026-06-07,2026-06-07,5,Definitely recommend this parking service!,
301 E 66th St. - Valet Garage,124227101,2026-06-01,2026-06-01,2026-06-03,5,Couldn’t be more pleased. Thank you!,
2 Journal Square Plaza - Journal Square Garage,124587962,2026-06-05,2026-06-06,2026-06-06,1,Couldn't get out of the garage for a ******* hour thanks to a Jehovah Witness Conference. Unbelievably annoying and I will never use spot hero again. Shameful.,
561 Washington Blvd - Newport North Garage,124821716,2026-06-04,2026-06-04,2026-06-05,1,Could not find my car ID when I parked,
60 E 12th St. - Valet Garage,124813402,2026-06-04,2026-06-04,2026-06-05,2,Car damaged on passenger side and noticed a back pack with women's clothing and make up on passenger side of car when I picked it up,
29-33 E 50th St. - New York Palace Valet,124985469,2026-06-06,2026-06-06,2026-06-06,5,"Brian was fabulous and even during an extreme rush, he moved efficiently getting patrons in and out.",
140 W 53rd St. - Valet Garage,124899835,2026-06-05,2026-06-05,2026-06-06,1,"Attendant was working alone, checking people in and out. Took to long check me out and to get my car and then charged additional money claiming that i did not exit the parking lot in time",
219 E 41st St. - Valet Garage,124672208,2026-06-02,2026-06-02,2026-06-03,1,"Attendant refused to give me my car unless I requested it from the app. I saw the car was right in front and I didn’t want to go through the trouble of putting my information on the app. He said if I didn’t request the car through the app, I wasn’t getting my car. He appeared extremely pleased with himself for being rude and unreasonable, almost laughing at me for making me complete the app in front of him so I can get my car. I was extremely uncomfortable and furious",
245 E 36th St. - Valet Lot,124839278,2026-06-04,2026-06-04,2026-06-04,1,Attendant couldn’t find reservation and wasted 20 minutes. The boss came when I was checking out and was able to locate the reservation manually. Thru do not have a scanner.,
200 E 161st St. - Garage (Concourse Plaza),124747784,2026-06-03,2026-06-03,2026-06-04,2,At 9:55am the lot was full.  I had to circle for 30 minutes until someone left.,
154 E 53rd St. - Valet Garage,124361833,2026-05-29,2026-05-29,2026-06-05,5,Always great to,
838 11th Ave (555 W 57th St) - Valet Garage (BMW Building),124513196,2026-06-04,2026-06-04,2026-06-05,5,Always a great place to park with very friendly staff and very quick turnaround! Definitely my garage of choice after 15+ years having tried others in the same square block or two. Two thumbs up!,
200 Park Ave (167 Park Ave Viaduct)- Valet Garage (ARCHIVED),124225366,2026-05-27,2026-05-27,2026-06-02,5,Alfredo is the best,
470 Dean St. (215 Flatbush Ave.) - Valet,124550930,2026-06-01,2026-06-01,2026-06-03,5,A little pricey using third party but having the reservation made our daughters graduation day worry free. Was worth it.,
120 W 21st St. - Valet Garage,124722794,2026-06-03,2026-06-04,2026-06-04,5,,
31 W 52nd St. - Valet Garage (CBS Building),124636150,2026-06-02,2026-06-02,2026-06-05,5,,
220 E 65th St. - Valet (Concorde Garage),124564759,2026-06-01,2026-06-01,2026-06-07,5,,
140 W 51st St. - Valet Garage,124628206,2026-06-01,2026-06-02,2026-06-03,5,,
150 W 38th St - Valet Garage,124900043,2026-06-05,2026-06-06,2026-06-07,5,,
120 W 21st St. - Valet Garage,124757968,2026-06-03,2026-06-03,2026-06-04,5,,
300 Cadman Plaza West - Pierrepont Plaza - Valet Garage,124648338,2026-06-04,2026-06-04,2026-06-05,5,,
23-25 W 55th St. - Valet Garage,124616639,2026-06-02,2026-06-02,2026-06-02,5,,
21 E 15th St. - Union Square Valet Garage,124653762,2026-06-02,2026-06-02,2026-06-03,5,,
150 W 38th St - Valet Garage,124090353,2026-05-27,2026-05-28,2026-06-07,5,,
424 E 53rd St. - Rivercourt Valet Garage,124223524,2026-05-27,2026-05-28,2026-06-02,5,,
245 E 93rd St. - Valet (Astor Terrace Garage),124291914,2026-05-28,2026-05-30,2026-06-06,5,,
545 E 116th St. (East River Plaza) - Garage,124125647,2026-05-26,2026-05-26,2026-06-05,5,,
245 E 93rd St. - Valet (Astor Terrace Garage),124682583,2026-06-02,2026-06-03,2026-06-04,5,,
77 Park Ave - Garage,124528450,2026-05-31,2026-06-01,2026-06-04,5,,
103 Murray St. - (270 Greenwich Garage),124245065,2026-05-28,2026-05-28,2026-06-04,5,,
345 W 58th St. - Valet Garage,124517694,2026-05-31,2026-05-31,2026-06-06,4,,
103 Murray St. - (270 Greenwich Garage),124897080,2026-06-05,2026-06-05,2026-06-06,5,,
137 Duffield St - 15 MetroTech Valet Garage,124828635,2026-06-04,2026-06-04,2026-06-04,4,,
340 E 80th St. - Valet Garage,124843970,2026-06-04,2026-06-04,2026-06-04,5,,
2 Metrotech (100 Myrtle Ave),124274186,2026-05-28,2026-05-28,2026-06-04,4,,
185 E 85th St. - Valet (Park Lane Garage),124766380,2026-06-04,2026-06-04,2026-06-07,5,,
2 Metrotech (100 Myrtle Ave),124804856,2026-06-04,2026-06-04,2026-06-04,5,,
424 E 53rd St. - Rivercourt Valet Garage,124720153,2026-06-02,2026-06-03,2026-06-03,5,,
2 Metrotech (100 Myrtle Ave),124950808,2026-06-05,2026-06-06,2026-06-06,5,,
258 Albany St. - Valet (200 Liberty St. Garage),124833022,2026-06-04,2026-06-04,2026-06-06,5,,
1105 St Nicholas Ave. - Audubon Lot,124594307,2026-06-01,2026-06-01,2026-06-02,5,,
258 Albany St. - Valet (200 Liberty St. Garage),124885113,2026-06-05,2026-06-05,2026-06-06,5,,
129 Roosevelt Ave. (40-24 College Point Blvd.) - Skyview Mall Garage,125017269,2026-06-06,2026-06-06,2026-06-06,5,,
219 E 41st St. - Valet Garage,123821801,2026-05-22,2026-05-22,2026-06-04,5,,
480 W 13th St (28 10th Ave) - Lot,124742589,2026-06-03,2026-06-03,2026-06-04,5,,
300 W 95th St (711 West End Ave) - Valet Garage,124435411,2026-05-30,2026-05-30,2026-06-03,4,,
140 W 53rd St. - Valet Garage,124654282,2026-06-02,2026-06-02,2026-06-03,5,,
29-33 E 50th St. - New York Palace Valet,124641325,2026-06-03,2026-06-03,2026-06-04,5,,
474 Warren St. - VYV Garage,124912657,2026-06-05,2026-06-05,2026-06-07,5,,
4 E 72nd St - 910 5th Ave Building - Valet Garage,124675852,2026-06-02,2026-06-03,2026-06-07,5,,
60 E 12th St. - Valet Garage,124732370,2026-06-03,2026-06-03,2026-06-05,1,,
10 Lafayette Ave. - Morristown Station Garage,124123238,2026-05-26,2026-05-27,2026-06-02,5,,
140 W 51st St. - Valet Garage,124487461,2026-05-30,2026-05-31,2026-06-02,5,,
50 River Dr. S - Garage,124650903,2026-06-02,2026-06-02,2026-06-03,5,,
23-25 W 55th St. - Valet Garage,124221994,2026-05-27,2026-05-27,2026-06-04,5,,
50 River Dr. S - Garage,124826374,2026-06-04,2026-06-04,2026-06-04,5,,
103 Murray St. - (270 Greenwich Garage),124813588,2026-06-04,2026-06-04,2026-06-05,5,,
25 North Blvd. (30 Newport Pkwy.) - Parkside Garage,124731676,2026-06-03,2026-06-03,2026-06-04,5,,
21 E 15th St. - Union Square Valet Garage,124615276,2026-06-01,2026-06-01,2026-06-07,5,,
87 Edison Pl. - South Garage,123813263,2026-05-22,2026-05-22,2026-06-04,5,,
450 E 63rd St. - Valet (Sutton Terrace Garage),124527542,2026-05-31,2026-06-01,2026-06-06,5,,
87 Edison Pl. - South Garage,124205963,2026-05-27,2026-05-28,2026-06-05,4,,
20 W 13th St. - Valet Garage,124585283,2026-06-01,2026-06-01,2026-06-04,5,,
140 W 51st St. - Valet Garage,124716861,2026-06-03,2026-06-04,2026-06-04,5,,
258 Albany St. - Valet (200 Liberty St. Garage),124277677,2026-05-28,2026-05-28,2026-06-03,5,,
140 W 51st St. - Valet Garage,124730994,2026-06-03,2026-06-03,2026-06-07,5,,
200 Park Ave (167 Park Ave Viaduct)- Valet Garage (ARCHIVED),124261699,2026-05-28,2026-05-28,2026-06-04,5,,
80 W 28th St. - Aston Valet Garage,124813872,2026-06-04,2026-06-04,2026-06-05,5,,
154 E 53rd St. - Valet Garage,124104235,2026-05-27,2026-05-27,2026-06-02,5,,
200 E 161st St. - Garage (Concourse Plaza),124792602,2026-06-04,2026-06-04,2026-06-04,5,,
219 E 41st St. - Valet Garage,124261574,2026-05-28,2026-05-29,2026-06-05,5,,
150 W 38th St - Valet Garage,124602396,2026-06-01,2026-06-01,2026-06-03,5,,
219 E 41st St. - Valet Garage,124913681,2026-06-05,2026-06-05,2026-06-05,5,,
245 E 93rd St. - Valet (Astor Terrace Garage),123834325,2026-05-22,2026-05-22,2026-06-02,5,,
220 E 67th St. - Valet Garage,124396799,2026-05-31,2026-05-31,2026-06-03,5,,
103 Murray St. - (270 Greenwich Garage),124741058,2026-06-03,2026-06-03,2026-06-04,5,,
60 W 66th St. (2 Lincoln Plaza) - Valet Garage,124932071,2026-06-05,2026-06-06,2026-06-07,5,,
103 Murray St. - (270 Greenwich Garage),124917909,2026-06-05,2026-06-05,2026-06-05,5,,
142 N 6th St. - Valet Garage,124365856,2026-05-29,2026-05-29,2026-06-04,5,,
18-20 Morton St. - Valet Garage,124632303,2026-06-02,2026-06-02,2026-06-04,5,,
129 Roosevelt Ave. (40-24 College Point Blvd.) - Skyview Mall Garage,124236568,2026-05-29,2026-05-30,2026-06-06,5,,
38 W 46th St. - Valet Garage,124733463,2026-06-03,2026-06-03,2026-06-03,4,,
480 W 13th St (28 10th Ave) - Lot,124668833,2026-06-02,2026-06-03,2026-06-04,5,,
258 Albany St. - Valet (200 Liberty St. Garage),124639158,2026-06-01,2026-06-02,2026-06-04,5,,
245 E 36th St. - Valet Lot,124693207,2026-06-02,2026-06-02,2026-06-02,5,,
77 Park Ave - Garage,124602024,2026-06-01,2026-06-02,2026-06-04,5,,
474 Warren St. - VYV Garage,124125362,2026-05-26,2026-05-26,2026-06-02,5,,
165 W 65th St - Valet Garage,123515432,2026-05-23,2026-05-24,2026-06-03,5,,
E 20th St. and Ave. C - Skyport Surface Lot,123920298,2026-05-30,2026-05-31,2026-06-07,5,,
129 Roosevelt Ave. (40-24 College Point Blvd.) - Skyview Mall Garage,124926803,2026-06-05,2026-06-05,2026-06-05,5,,
50 River Dr. S - Garage,124718290,2026-06-03,2026-06-03,2026-06-04,5,,
480 W 13th St (28 10th Ave) - Lot,125032142,2026-06-06,2026-06-06,2026-06-06,5,,
87 Edison Pl. - South Garage,125062628,2026-06-07,2026-06-07,2026-06-07,5,,
245 E 36th St. - Valet Lot,124649364,2026-06-02,2026-06-02,2026-06-03,5,,
444 Washington Blvd. - Avalon Cove Lot,124272588,2026-05-28,2026-05-28,2026-06-02,5,,
2 Mc Kenny St. - Panorama Valet Garage,124278646,2026-05-28,2026-05-29,2026-06-04,5,,
670 Baltic St. (120 5th Ave.) 55 Paseo Place - Garage,124852328,2026-06-04,2026-06-04,2026-06-05,5,,
140 W 53rd St. - Valet Garage,124385127,2026-05-29,2026-05-29,2026-06-04,5,,
106 W 30th St. - Kimpton Hotel Eventi Garage,124639264,2026-06-02,2026-06-02,2026-06-03,5,,
50 River Dr. S - Garage,124572321,2026-06-01,2026-06-01,2026-06-02,4,,
106 W 30th St. - Kimpton Hotel Eventi Garage,124832296,2026-06-04,2026-06-04,2026-06-06,5,,
25 North Blvd. (30 Newport Pkwy.) - Parkside Garage,123831699,2026-05-22,2026-05-22,2026-06-03,5,,
301 W 53rd St.- Valet Garage,124655844,2026-06-02,2026-06-02,2026-06-03,5,,
25 North Blvd. (30 Newport Pkwy.) - Parkside Garage,124562500,2026-06-01,2026-06-01,2026-06-07,5,,
31 W 52nd St. - Valet Garage (CBS Building),124689802,2026-06-02,2026-06-03,2026-06-04,4,,
86 Fleet Pl. - Garage,124825654,2026-06-04,2026-06-04,2026-06-05,1,,
267-271 W 47th St. - Valet Garage (Biltmore Theatre),124571281,2026-06-01,2026-06-01,2026-06-03,5,,
150 W 90th St. (189 W 89th St.) - Garage,124615071,2026-06-06,2026-06-06,2026-06-06,5,,
150 W 38th St - Valet Garage,124688201,2026-06-02,2026-06-03,2026-06-04,5,,
31 W 52nd St. - Valet Garage (CBS Building),124250790,2026-05-28,2026-05-28,2026-06-02,5,,
300 Cadman Plaza West - Pierrepont Plaza - Valet Garage,124171923,2026-05-27,2026-05-27,2026-06-03,5,,
140 W 51st St. - Valet Garage,124064081,2026-05-25,2026-05-25,2026-06-04,5,,
101 Worth St. - Valet (Foley Square Garage),124651804,2026-06-02,2026-06-02,2026-06-02,5,,
9 W 31st St. - Valet Garage,124872852,2026-06-04,2026-06-05,2026-06-06,5,,
185 E 85th St. - Valet (Park Lane Garage),124418069,2026-05-30,2026-06-01,2026-06-02,5,,
200 E 161st St. - Garage (Concourse Plaza),123660383,2026-05-22,2026-05-22,2026-06-05,5,,
185 E 85th St. - Valet (Park Lane Garage),124440414,2026-05-30,2026-06-04,2026-06-07,5,,
200 E 161st St. - Garage (Concourse Plaza),124546243,2026-06-02,2026-06-02,2026-06-02,5,,
90 Town Square Place - Garage,124199559,2026-05-27,2026-05-27,2026-06-02,5,,
200 E 161st St. - Garage (Concourse Plaza),124758689,2026-06-04,2026-06-04,2026-06-07,5,,
90 Town Square Place - Garage,124544331,2026-05-31,2026-05-31,2026-06-06,5,,
267-271 W 47th St. - Valet Garage (Biltmore Theatre),119472413,2026-05-31,2026-05-31,2026-06-02,2,,
90 Town Square Place - Garage,124778129,2026-06-03,2026-06-03,2026-06-06,5,,
220 E 65th St. - Valet (Concorde Garage),124134582,2026-05-26,2026-05-26,2026-06-03,5,,
345 W 58th St. - Valet Garage,124821066,2026-06-04,2026-06-04,2026-06-05,5,,
220 E 65th St. - Valet (Concorde Garage),124276635,2026-05-28,2026-05-28,2026-06-04,5,,
200 E 61st St. - Valet Garage,123700331,2026-05-20,2026-05-20,2026-06-03,5,,
107 W 31st St - Valet (Continental/Tower 111 Garage),124803439,2026-06-04,2026-06-04,2026-06-05,5,,
3 Washington Square Village - Valet Garage,124673358,2026-06-02,2026-06-02,2026-06-02,5,,
107 W 31st St - Valet (Continental/Tower 111 Garage),124878723,2026-06-06,2026-06-07,2026-06-07,5,,
39 E 29th St - Valet Garage,124992728,2026-06-06,2026-06-06,2026-06-07,4,,
150 W 38th St - Valet Garage,124668930,2026-06-02,2026-06-02,2026-06-03,5,,
140 W 53rd St. - Valet Garage,124655808,2026-06-02,2026-06-02,2026-06-03,5,,
18-20 Morton St. - Valet Garage,124621514,2026-06-02,2026-06-02,2026-06-04,5,,
50 River Dr. S - Garage,124662108,2026-06-02,2026-06-02,2026-06-03,5,,
340 E 80th St. - Valet Garage,124750286,2026-06-03,2026-06-03,2026-06-04,5,,
4650 Broadway - Valet Garage,124389975,2026-05-31,2026-06-01,2026-06-02,5,,
215 E 80th St. - Valet Garage,124470588,2026-05-31,2026-05-31,2026-06-02,5,,
301 W 53rd St.- Valet Garage,125032878,2026-06-06,2026-06-07,2026-06-07,5,,
204 E 80th St. - Valet (SFG Garage),123619793,2026-05-19,2026-05-19,2026-06-02,5,,
31 W 52nd St. - Valet Garage (CBS Building),124780512,2026-06-03,2026-06-04,2026-06-04,5,,
20 W 13th St. - Valet Garage,124691604,2026-06-02,2026-06-02,2026-06-02,5,,
140 W 51st St. - Valet Garage,119222442,2026-06-06,2026-06-06,2026-06-07,5,,
185 E 85th St. - Valet (Park Lane Garage),123934938,2026-05-23,2026-05-25,2026-06-07,5,,
140 W 51st St. - Valet Garage,124557219,2026-06-03,2026-06-04,2026-06-05,5,,
51 W 56th St. - Valet Garage,124174327,2026-05-27,2026-05-27,2026-06-07,5,,
267-271 W 47th St. - Valet Garage (Biltmore Theatre),124693709,2026-06-03,2026-06-03,2026-06-05,5,,
51 W 56th St. - Valet Garage,124554360,2026-06-01,2026-06-01,2026-06-02,5,,
107 W 31st St - Valet (Continental/Tower 111 Garage),124812997,2026-06-04,2026-06-04,2026-06-07,1,,
51 W 56th St. - Valet Garage,124573968,2026-06-01,2026-06-01,2026-06-04,5,,
123 E 53rd St. (375 Park Ave.) - Seagrams Building Valet Garage,124984426,2026-06-06,2026-06-06,2026-06-06,5,,
38 W 46th St. - Valet Garage,124429198,2026-05-31,2026-06-01,2026-06-02,5,,
21 E 15th St. - Union Square Valet Garage,124612395,2026-06-01,2026-06-01,2026-06-03,5,,
200 Park Ave (167 Park Ave Viaduct)- Valet Garage (ARCHIVED),123686918,2026-05-20,2026-05-20,2026-06-02,5,,
424 E 53rd St. - Rivercourt Valet Garage,124649285,2026-06-02,2026-06-02,2026-06-04,5,,
219 E 41st St. - Valet Garage,124860041,2026-06-04,2026-06-05,2026-06-05,5,,
258 Albany St. - Valet (200 Liberty St. Garage),124913517,2026-06-05,2026-06-06,2026-06-06,5,,
200 E 61st St. - Valet Garage,124890901,2026-06-05,2026-06-05,2026-06-06,5,,
90 Town Square Place - Garage,124912701,2026-06-05,2026-06-06,2026-06-06,5,,
470 Dean St. (215 Flatbush Ave.) - Valet,124236784,2026-06-01,2026-06-01,2026-06-03,5,,
345 W 58th St. - Valet Garage,123938415,2026-05-24,2026-05-25,2026-06-02,5,,
480 W 13th St (28 10th Ave) - Lot,124542173,2026-06-02,2026-06-03,2026-06-04,5,,
345 W 58th St. - Valet Garage,123999525,2026-05-24,2026-05-25,2026-06-06,5,,
245 E 36th St. - Valet Lot,123725277,2026-06-01,2026-06-01,2026-06-03,5,,
345 W 58th St. - Valet Garage,124860888,2026-06-06,2026-06-06,2026-06-07,5,,
140 W 53rd St. - Valet Garage,124603993,2026-06-04,2026-06-05,2026-06-05,5,,
200 Park Ave (167 Park Ave Viaduct)- Valet Garage (ARCHIVED),124008502,2026-05-24,2026-05-25,2026-06-05,5,,
25 Waterside Plaza,124004143,2026-05-25,2026-05-25,2026-06-03,5,,
101 W 53rd St - Hilton Hotel Valet Garage,124935834,2026-06-05,2026-06-07,2026-06-07,5,,
25 Waterside Plaza,124721150,2026-06-03,2026-06-03,2026-06-06,5,,
200 E 61st St. - Valet Garage,124603726,2026-06-06,2026-06-06,2026-06-06,5,,
87 Edison Pl. - South Garage,124379526,2026-05-30,2026-05-31,2026-06-07,5,,
165 W 65th St - Valet Garage,124844391,2026-06-05,2026-06-05,2026-06-06,5,,
95 Shatzell Ave. - Amtrak Rhinecliff Lot,124449892,2026-05-30,2026-06-01,2026-06-02,5,,
55b Richmond Terrace - Empire Outlets Garage,125059001,2026-06-07,2026-06-08,2026-06-07,5,,
106 W 30th St. - Kimpton Hotel Eventi Garage,124592830,2026-06-01,2026-06-01,2026-06-02,5,,
100 Warren St. - Portside Towers Garage,124671302,2026-06-02,2026-06-02,2026-06-03,5,,
106 W 30th St. - Kimpton Hotel Eventi Garage,124599044,2026-06-01,2026-06-01,2026-06-03,5,,
480 W 13th St (28 10th Ave) - Lot,124888436,2026-06-05,2026-06-05,2026-06-06,5,,
200 E 161st St. - Garage (Concourse Plaza),125076829,2026-06-07,2026-06-07,2026-06-07,5,,
27 Eagle St. - Eagle + West Valet Garage,124704754,2026-06-02,2026-06-03,2026-06-03,5,,
220 E 65th St. - Valet (Concorde Garage),123799485,2026-05-21,2026-05-24,2026-06-03,5,,
245 E 36th St. - Valet Lot,124215878,2026-05-27,2026-05-27,2026-06-04,5,,
150 W 38th St - Valet Garage,124485151,2026-05-30,2026-05-31,2026-06-06,5,,
140 W 53rd St. - Valet Garage,124857104,2026-06-04,2026-06-04,2026-06-05,5,,
150 W 38th St - Valet Garage,124748389,2026-06-03,2026-06-06,2026-06-07,4,,
515 E 79th St. - Valet Garage,124477259,2026-05-30,2026-05-31,2026-06-02,5,,
340 E 80th St. - Valet Garage,124429555,2026-05-30,2026-05-30,2026-06-06,5,,
138-20 39th Ave. - Flushing Commons South Garage,124382682,2026-05-29,2026-05-29,2026-06-07,5,,
204 E 80th St. - Valet (SFG Garage),124332396,2026-06-04,2026-06-04,2026-06-05,5,,
444 Washington Blvd. - Avalon Cove Lot,124193952,2026-05-27,2026-05-27,2026-06-03,5,,
204 E 80th St. - Valet (SFG Garage),124739270,2026-06-03,2026-06-03,2026-06-06,5,,
100 Christopher Columbus Dr. - Grove Pointe Garage,124510291,2026-05-31,2026-05-31,2026-06-05,5,,
185 E 85th St. - Valet (Park Lane Garage),123556026,2026-05-21,2026-05-24,2026-06-05,5,,
106 W 30th St. - Kimpton Hotel Eventi Garage,123890906,2026-05-23,2026-05-23,2026-06-02,5,,
424 E 53rd St. - Rivercourt Valet Garage,124668779,2026-06-02,2026-06-02,2026-06-02,5,,
31 W 52nd St. - Valet Garage (CBS Building),124585396,2026-06-01,2026-06-01,2026-06-02,5,,
345 W 58th St. - Valet Garage,124691480,2026-06-06,2026-06-06,2026-06-07,5,,
140 W 51st St. - Valet Garage,124804077,2026-06-06,2026-06-07,2026-06-07,5,,
219 E 41st St. - Valet Garage,124748416,2026-06-03,2026-06-03,2026-06-04,5,,
80 W 28th St. - Aston Valet Garage,124989492,2026-06-06,2026-06-06,2026-06-07,1,,
219 E 41st St. - Valet Garage,124819299,2026-06-04,2026-06-04,2026-06-05,5,,
220 E 65th St. - Valet (Concorde Garage),124493026,2026-06-02,2026-06-02,2026-06-02,5,,
29-33 E 50th St. - New York Palace Valet,124801658,2026-06-04,2026-06-04,2026-06-05,5,,
107 W 31st St - Valet (Continental/Tower 111 Garage),124811489,2026-06-06,2026-06-07,2026-06-07,5,,
29-33 E 50th St. - New York Palace Valet,124987190,2026-06-06,2026-06-06,2026-06-07,5,,
245 E 93rd St. - Valet (Astor Terrace Garage),124938009,2026-06-06,2026-06-06,2026-06-07,5,,
480 W 13th St (28 10th Ave) - Lot,124854076,2026-06-04,2026-06-05,2026-06-05,5,,
103 Murray St. - (270 Greenwich Garage),124663911,2026-06-02,2026-06-02,2026-06-03,5,,
480 W 13th St (28 10th Ave) - Lot,124876553,2026-06-05,2026-06-06,2026-06-06,5,,
18-20 Morton St. - Valet Garage,124797939,2026-06-04,2026-06-04,2026-06-05,5,,
325 St Marks Pl. - Lot,124837812,2026-06-06,2026-06-07,2026-06-07,5,,
21 E 15th St. - Union Square Valet Garage,124597175,2026-06-01,2026-06-01,2026-06-02,5,,
87 Edison Pl. - South Garage,124431422,2026-05-30,2026-05-31,2026-06-05,5,,
345 W 58th St. - Valet Garage,124676753,2026-06-03,2026-06-03,2026-06-04,5,,
87 Edison Pl. - South Garage,124433270,2026-05-30,2026-05-31,2026-06-02,5,,
200 Park Ave (167 Park Ave Viaduct)- Valet Garage (ARCHIVED),124331822,2026-05-29,2026-05-29,2026-06-02,5,,
4650 Broadway - Valet Garage,124397262,2026-05-29,2026-05-30,2026-06-02,5,,
200 Cadman Plaza West (75 Henry St. - Valet Garage),123722509,2026-05-21,2026-05-21,2026-06-02,5,,
60 E 12th St. - Valet Garage,124945945,2026-06-05,2026-06-05,2026-06-05,1,,
219 E 41st St. - Valet Garage,123620699,2026-05-19,2026-05-19,2026-06-02,5,,
106 W 30th St. - Kimpton Hotel Eventi Garage,124874927,2026-06-05,2026-06-06,2026-06-07,5,,
4 E 72nd St - 910 5th Ave Building - Valet Garage,123926891,2026-05-23,2026-05-24,2026-06-04,5,,
106 W 30th St. - Kimpton Hotel Eventi Garage,124988536,2026-06-06,2026-06-06,2026-06-07,5,,
4 E 72nd St - 910 5th Ave Building - Valet Garage,124614459,2026-06-01,2026-06-01,2026-06-02,5,,
9 W 31st St. - Valet Garage,124843657,2026-06-04,2026-06-04,2026-06-05,5,,
4 E 72nd St - 910 5th Ave Building - Valet Garage,124773499,2026-06-03,2026-06-03,2026-06-05,1,,
200 E 161st St. - Garage (Concourse Plaza),124630034,2026-06-02,2026-06-02,2026-06-04,5,,
480 W 13th St (28 10th Ave) - Lot,124772115,2026-06-03,2026-06-03,2026-06-04,5,,
200 E 161st St. - Garage (Concourse Plaza),124699892,2026-06-02,2026-06-02,2026-06-03,5,,
140 W 53rd St. - Valet Garage,124839485,2026-06-04,2026-06-06,2026-06-07,2,,
150 W 38th St - Valet Garage,124748670,2026-06-03,2026-06-03,2026-06-04,5,,
25 Waterside Plaza,123891077,2026-05-27,2026-05-27,2026-06-06,5,,
150 W 38th St - Valet Garage,124830175,2026-06-04,2026-06-05,2026-06-06,5,,
474 Warren St. - VYV Garage,124120668,2026-05-26,2026-05-26,2026-06-02,5,,
150 W 38th St - Valet Garage,125090769,2026-06-07,2026-06-07,2026-06-07,5,,
538 E 85th St. (110 East End Ave.) - Valet Garage,124572781,2026-06-01,2026-06-01,2026-06-02,5,,
18-20 Morton St. - Valet Garage,124444752,2026-05-30,2026-05-30,2026-06-04,5,,
87 Edison Pl. - South Garage,124226063,2026-06-07,2026-06-07,2026-06-07,5,,
215 E 80th St. - Valet Garage,124737686,2026-06-03,2026-06-03,2026-06-04,5,,
87 Edison Pl. - South Garage,124481286,2026-05-30,2026-05-31,2026-06-07,3,,
424 E 53rd St. - Rivercourt Valet Garage,124726057,2026-06-03,2026-06-03,2026-06-03,1,,
31 W 52nd St. - Valet Garage (CBS Building),124642555,2026-06-02,2026-06-02,2026-06-03,5,,
51 W 56th St. - Valet Garage,124621888,2026-06-01,2026-06-02,2026-06-02,5,,
31 W 52nd St. - Valet Garage (CBS Building),124660503,2026-06-02,2026-06-02,2026-06-03,5,,
38 W 46th St. - Valet Garage,124131746,2026-05-27,2026-05-27,2026-06-02,5,,
140 W 51st St. - Valet Garage,124230653,2026-05-28,2026-05-28,2026-06-05,5,,
38 W 46th St. - Valet Garage,124733158,2026-06-03,2026-06-03,2026-06-03,5,,
80 W 28th St. - Aston Valet Garage,124217333,2026-05-27,2026-05-27,2026-06-02,5,,
258 Albany St. - Valet (200 Liberty St. Garage),124615815,2026-06-05,2026-06-05,2026-06-07,5,,
220 E 65th St. - Valet (Concorde Garage),124572297,2026-06-01,2026-06-01,2026-06-06,5,,
220 E 67th St. - Valet Garage,124232476,2026-05-28,2026-05-28,2026-06-03,5,,
107 W 31st St - Valet (Continental/Tower 111 Garage),122630796,2026-06-05,2026-06-06,2026-06-07,1,,
200 E 61st St. - Valet Garage,125001618,2026-06-06,2026-06-06,2026-06-07,1,,
107 W 31st St - Valet (Continental/Tower 111 Garage),124910684,2026-06-05,2026-06-06,2026-06-06,5,,
165 W 65th St - Valet Garage,124984497,2026-06-06,2026-06-06,2026-06-07,5,,
150 W 38th St - Valet Garage,123993211,2026-05-24,2026-05-24,2026-06-04,5,,
480 W 13th St (28 10th Ave) - Lot,124542088,2026-05-31,2026-05-31,2026-06-02,5,,
150 W 38th St - Valet Garage,124251972,2026-05-28,2026-05-28,2026-06-02,5,,
480 W 13th St (28 10th Ave) - Lot,124546469,2026-05-31,2026-05-31,2026-06-02,5,,
103 Murray St. - (270 Greenwich Garage),124509978,2026-05-31,2026-05-31,2026-06-02,5,,
561 Washington Blvd - Newport North Garage,124940900,2026-06-05,2026-06-06,2026-06-07,5,,
103 Murray St. - (270 Greenwich Garage),124641625,2026-06-02,2026-06-02,2026-06-04,5,,
245 E 36th St. - Valet Lot,124760130,2026-06-03,2026-06-03,2026-06-04,5,,
18-20 Morton St. - Valet Garage,124674686,2026-06-02,2026-06-02,2026-06-05,5,,
140 W 53rd St. - Valet Garage,124869102,2026-06-05,2026-06-06,2026-06-07,5,,
301 E 66th St. - Valet Garage,124557917,2026-06-01,2026-06-01,2026-06-04,5,,
515 E 79th St. - Valet Garage,124089395,2026-05-26,2026-05-28,2026-06-06,5,,
424 E 53rd St. - Rivercourt Valet Garage,124652600,2026-06-02,2026-06-02,2026-06-03,5,,
474 Warren St. - VYV Garage,124134040,2026-05-27,2026-05-27,2026-06-03,5,,
38 W 46th St. - Valet Garage,123678582,2026-05-20,2026-05-21,2026-06-03,5,,
87 Edison Pl. - South Garage,124224130,2026-05-30,2026-05-31,2026-06-02,5,,
77 Park Ave - Garage,124308862,2026-05-28,2026-05-29,2026-06-03,5,,
140 W 51st St. - Valet Garage,124650240,2026-06-02,2026-06-02,2026-06-02,5,,
345 W 58th St. - Valet Garage,124497795,2026-05-30,2026-05-31,2026-06-05,5,,
200 E 161st St. - Garage (Concourse Plaza),124616907,2026-06-04,2026-06-04,2026-06-04,4,,
345 W 58th St. - Valet Garage,125042806,2026-06-06,2026-06-07,2026-06-07,5,,
150 W 38th St - Valet Garage,124555805,2026-06-02,2026-06-03,2026-06-03,5,,
154 E 53rd St. - Valet Garage,124902891,2026-06-05,2026-06-05,2026-06-06,5,,
103 Murray St. - (270 Greenwich Garage),124252513,2026-05-28,2026-05-28,2026-06-03,5,,
101 W 53rd St - Hilton Hotel Valet Garage,124606929,2026-06-01,2026-06-01,2026-06-06,5,,
7 W 28th St. - Valet (Drucker Lot),124873608,2026-06-04,2026-06-05,2026-06-05,5,,
2 Metrotech (100 Myrtle Ave),122559560,2026-06-06,2026-06-07,2026-06-07,5,,
101 Worth St. - Valet (Foley Square Garage),123668647,2026-05-20,2026-05-20,2026-06-02,5,,
333 Schermerhorn St. - Valet Garage,124739143,2026-06-03,2026-06-03,2026-06-05,5,,
101 Worth St. - Valet (Foley Square Garage),124068494,2026-06-01,2026-06-01,2026-06-02,5,,
55b Richmond Terrace - Empire Outlets Garage,124283785,2026-05-29,2026-06-02,2026-06-06,5,,
20 W 13th St. - Valet Garage,124821323,2026-06-04,2026-06-04,2026-06-05,5,,
129 Roosevelt Ave. (40-24 College Point Blvd.) - Skyview Mall Garage,118794135,2026-05-24,2026-05-25,2026-06-02,5,,
51 W 56th St. - Valet Garage,124452843,2026-05-30,2026-05-30,2026-06-06,5,,
480 W 13th St (28 10th Ave) - Lot,125045947,2026-06-06,2026-06-07,2026-06-07,5,,
38 W 46th St. - Valet Garage,124525099,2026-05-31,2026-05-31,2026-06-07,5,,
513 W 180th St. (2420 Amsterdam Ave.)  - Radio Hotel Garage,124844372,2026-06-05,2026-06-06,2026-06-07,5,,
60 North End Ave. (250 Vesey) - Valet Garage,124828474,2026-06-04,2026-06-04,2026-06-05,5,,
60 E 12th St. - Valet Garage,124653442,2026-06-02,2026-06-02,2026-06-04,5,,
345 W 58th St. - Valet Garage,124738007,2026-06-03,2026-06-03,2026-06-03,5,,
106 W 30th St. - Kimpton Hotel Eventi Garage,124917189,2026-06-05,2026-06-06,2026-06-06,5,,
200 E 61st St. - Valet Garage,124749291,2026-06-03,2026-06-03,2026-06-03,5,,
301 W 53rd St.- Valet Garage,124555612,2026-05-31,2026-06-01,2026-06-02,5,,
470 Dean St. (215 Flatbush Ave.) - Valet,124357854,2026-06-03,2026-06-04,2026-06-04,5,,
140 W 51st St. - Valet Garage,124135416,2026-05-26,2026-05-27,2026-06-04,5,,
29-33 E 50th St. - New York Palace Valet,124814806,2026-06-04,2026-06-04,2026-06-07,5,,
140 W 51st St. - Valet Garage,124955674,2026-06-06,2026-06-06,2026-06-07,5,,
139 W 62nd St. - Self Park Garage,124721318,2026-06-05,2026-06-06,2026-06-07,5,,
120 W 21st St. - Valet Garage,124362586,2026-05-29,2026-05-29,2026-06-05,5,,
165 W 65th St - Valet Garage,124628027,2026-06-04,2026-06-04,2026-06-06,5,,
200 E 161st St. - Garage (Concourse Plaza),124670604,2026-06-02,2026-06-02,2026-06-03,5,,
55b Richmond Terrace - Empire Outlets Garage,124054463,2026-05-25,2026-05-26,2026-06-02,5,,
150 W 38th St - Valet Garage,124321895,2026-05-29,2026-05-30,2026-06-04,5,,
55b Richmond Terrace - Empire Outlets Garage,124804780,2026-06-04,2026-06-05,2026-06-05,5,,
150 W 38th St - Valet Garage,124904803,2026-06-05,2026-06-05,2026-06-06,5,,
38 Orchard St. - Uncovered Self Park,124201871,2026-05-28,2026-05-28,2026-06-06,5,,
245 E 93rd St. - Valet (Astor Terrace Garage),124978694,2026-06-06,2026-06-06,2026-06-06,5,,
2 Mc Kenny St. - Panorama Valet Garage,122731548,2026-05-29,2026-06-05,2026-06-07,5,,
7 W 28th St. - Valet (Drucker Lot),124382599,2026-06-03,2026-06-03,2026-06-04,5,,
140 W 53rd St. - Valet Garage,124464795,2026-05-30,2026-05-30,2026-06-03,5,,
20 W 13th St. - Valet Garage,125028119,2026-06-06,2026-06-07,2026-06-07,5,,
25 Waterside Plaza,124936498,2026-06-05,2026-06-05,2026-06-05,5,,
51 W 56th St. - Valet Garage,124609766,2026-06-02,2026-06-02,2026-06-02,5,,
3711 138th St. - Flushing Commons Lot,124654968,2026-06-02,2026-06-02,2026-06-06,5,,
38 W 46th St. - Valet Garage,124586734,2026-06-01,2026-06-01,2026-06-02,5,,
87 Edison Pl. - South Garage,125008312,2026-06-06,2026-06-06,2026-06-06,5,,
60 North End Ave. (250 Vesey) - Valet Garage,124910345,2026-06-05,2026-06-05,2026-06-07,5,,
444 Washington Blvd. - Avalon Cove Lot,124653768,2026-06-02,2026-06-02,2026-06-03,5,,
258 Albany St. - Valet (200 Liberty St. Garage),124652174,2026-06-02,2026-06-02,2026-06-03,5,,
60 E 12th St. - Valet Garage,124665418,2026-06-02,2026-06-02,2026-06-03,5,,
77 Park Ave - Garage,124335008,2026-05-31,2026-05-31,2026-06-02,5,,
9201 4th Ave. - Valet Garage,124323374,2026-05-31,2026-05-31,2026-06-04,5,,
77 Park Ave - Garage,124697429,2026-06-02,2026-06-02,2026-06-03,5,,
106 W 30th St. - Kimpton Hotel Eventi Garage,124611275,2026-06-06,2026-06-07,2026-06-07,5,,
200 Park Ave (167 Park Ave Viaduct)- Valet Garage (ARCHIVED),124228819,2026-05-27,2026-05-27,2026-06-05,5,,
31 W 52nd St. - Valet Garage (CBS Building),123695026,2026-05-20,2026-05-20,2026-06-03,5,,
200 Park Ave (167 Park Ave Viaduct)- Valet Garage (ARCHIVED),124236176,2026-05-27,2026-05-28,2026-06-02,5,,
31 W 52nd St. - Valet Garage (CBS Building),124658849,2026-06-02,2026-06-02,2026-06-03,5,,
154 E 53rd St. - Valet Garage,124284591,2026-05-28,2026-05-28,2026-06-03,5,,
120 W 21st St. - Valet Garage,124334861,2026-05-29,2026-05-29,2026-06-02,3,,
200 Cadman Plaza West (75 Henry St. - Valet Garage),124449533,2026-05-30,2026-05-31,2026-06-06,5,,
200 E 161st St. - Garage (Concourse Plaza),123580356,2026-06-05,2026-06-05,2026-06-07,5,,
200 Cadman Plaza West (75 Henry St. - Valet Garage),124659406,2026-06-02,2026-06-02,2026-06-02,5,,
185 E 85th St. - Valet (Park Lane Garage),124715351,2026-06-05,2026-06-05,2026-06-06,5,,
300 W 95th St (711 West End Ave) - Valet Garage,124993343,2026-06-06,2026-06-06,2026-06-07,5,,
51 W 56th St. - Valet Garage,124638108,2026-06-02,2026-06-02,2026-06-02,5,,
137 Duffield St - 15 MetroTech Valet Garage,124572408,2026-06-01,2026-06-01,2026-06-05,5,,
38 W 46th St. - Valet Garage,124023538,2026-05-24,2026-05-24,2026-06-07,5,,
470 Dean St. (215 Flatbush Ave.) - Valet,124812948,2026-06-04,2026-06-04,2026-06-07,1,,
219 E 41st St. - Valet Garage,124482304,2026-05-30,2026-05-31,2026-06-02,5,,
2 Mall Dr. East (479 Rear Washington Blvd.) - Newport South - Garage,124200548,2026-05-27,2026-05-27,2026-06-03,5,,
220 E 67th St. - Valet Garage,124994267,2026-06-06,2026-06-06,2026-06-07,5,,
129 Roosevelt Ave. (40-24 College Point Blvd.) - Skyview Mall Garage,124687289,2026-06-05,2026-06-06,2026-06-06,5,,
200 E 61st St. - Valet Garage,124517880,2026-05-31,2026-06-01,2026-06-03,5,,
3711 138th St. - Flushing Commons Lot,124210555,2026-05-27,2026-05-27,2026-06-06,5,,
165 W 65th St - Valet Garage,124118143,2026-05-27,2026-05-27,2026-06-05,5,,
670 Baltic St. (120 5th Ave.) 55 Paseo Place - Garage,124632809,2026-06-02,2026-06-02,2026-06-05,5,,
533 Main St. - Brick Church Garage,124567834,2026-06-03,2026-06-03,2026-06-04,5,,
301 W 53rd St.- Valet Garage,124448854,2026-05-30,2026-05-30,2026-06-05,5,,
444 Washington Blvd. - Avalon Cove Lot,124547927,2026-06-01,2026-06-01,2026-06-02,5,,
140 W 51st St. - Valet Garage,124575718,2026-06-05,2026-06-06,2026-06-06,5,,
31 W 52nd St. - Valet Garage (CBS Building),124054569,2026-05-26,2026-05-26,2026-06-05,5,,
140 W 51st St. - Valet Garage,124647393,2026-06-02,2026-06-02,2026-06-02,5,,
140 W 51st St. - Valet Garage,124560786,2026-06-03,2026-06-04,2026-06-04,5,,
450 E 63rd St. - Valet (Sutton Terrace Garage),124634844,2026-06-02,2026-06-02,2026-06-02,5,,
200 E 161st St. - Garage (Concourse Plaza),123812361,2026-05-22,2026-05-23,2026-06-04,5,,
258 Albany St. - Valet (200 Liberty St. Garage),124846135,2026-06-04,2026-06-05,2026-06-06,5,,
200 E 161st St. - Garage (Concourse Plaza),124955657,2026-06-05,2026-06-05,2026-06-05,5,,
154 E 53rd St. - Valet Garage,124721377,2026-06-03,2026-06-03,2026-06-04,5,,
107 W 31st St - Valet (Continental/Tower 111 Garage),124886143,2026-06-05,2026-06-06,2026-06-07,5,,
219 E 41st St. - Valet Garage,124651099,2026-06-02,2026-06-02,2026-06-04,5,,
150 W 38th St - Valet Garage,124548731,2026-05-31,2026-06-01,2026-06-02,5,,
220 E 67th St. - Valet Garage,124649350,2026-06-02,2026-06-02,2026-06-06,5,,
450 E 63rd St. - Valet (Sutton Terrace Garage),124592829,2026-06-01,2026-06-01,2026-06-05,5,,
2 Journal Square Plaza - Journal Square Garage,124420066,2026-05-30,2026-05-30,2026-06-03,5,,
215 E 80th St. - Valet Garage,124578364,2026-06-01,2026-06-01,2026-06-03,5,,
1105 St Nicholas Ave. - Audubon Lot,124931099,2026-06-05,2026-06-05,2026-06-05,5,,
204 E 80th St. - Valet (SFG Garage),124622527,2026-06-02,2026-06-02,2026-06-03,4,,
60 W 66th St. (2 Lincoln Plaza) - Valet Garage,124612153,2026-06-01,2026-06-01,2026-06-03,5,,
204 E 80th St. - Valet (SFG Garage),124676184,2026-06-02,2026-06-02,2026-06-03,5,,
60 W 66th St. (2 Lincoln Plaza) - Valet Garage,124668564,2026-06-02,2026-06-02,2026-06-02,5,,
185 E 85th St. - Valet (Park Lane Garage),124421176,2026-05-30,2026-05-31,2026-06-04,5,,
2 Mc Kenny St. - Panorama Valet Garage,124679689,2026-06-02,2026-06-02,2026-06-03,5,,
185 E 85th St. - Valet (Park Lane Garage),124850724,2026-06-04,2026-06-04,2026-06-06,5,,
87 Edison Pl. - South Garage,124751638,2026-06-03,2026-06-03,2026-06-05,5,,
51 W 56th St. - Valet Garage,124695811,2026-06-02,2026-06-03,2026-06-04,5,,
444 Washington Blvd. - Avalon Cove Lot,124817975,2026-06-04,2026-06-04,2026-06-05,5,,
38 W 46th St. - Valet Garage,123683982,2026-05-20,2026-05-20,2026-06-03,5,,
150 W 90th St. (189 W 89th St.) - Garage,124748333,2026-06-03,2026-06-03,2026-06-03,4,,
345 W 58th St. - Valet Garage,124518807,2026-05-31,2026-06-01,2026-06-03,5,,
140 W 51st St. - Valet Garage,124553870,2026-06-01,2026-06-01,2026-06-02,5,,
200 Cadman Plaza West (75 Henry St. - Valet Garage),124520194,2026-05-31,2026-05-31,2026-06-02,4,,
140 W 51st St. - Valet Garage,124903980,2026-06-06,2026-06-06,2026-06-06,5,,
470 Dean St. (215 Flatbush Ave.) - Valet,123914716,2026-05-23,2026-05-24,2026-06-06,1,,
80 W 28th St. - Aston Valet Garage,124380993,2026-05-29,2026-05-29,2026-06-04,5,,
2 Mall Dr. East (479 Rear Washington Blvd.) - Newport South - Garage,124985194,2026-06-06,2026-06-06,2026-06-06,5,,
200 E 161st St. - Garage (Concourse Plaza),123805170,2026-05-21,2026-05-21,2026-06-03,5,,
480 W 13th St (28 10th Ave) - Lot,125109080,2026-06-07,2026-06-07,2026-06-07,5,,
200 E 161st St. - Garage (Concourse Plaza),124957913,2026-06-06,2026-06-07,2026-06-07,5,,
25 Waterside Plaza,124412413,2026-05-29,2026-05-30,2026-06-07,5,,
267-271 W 47th St. - Valet Garage (Biltmore Theatre),124667104,2026-06-02,2026-06-02,2026-06-04,5,,
25 North Blvd. (30 Newport Pkwy.) - Parkside Garage,124802747,2026-06-04,2026-06-04,2026-06-05,5,,
150 W 38th St - Valet Garage,124833093,2026-06-05,2026-06-05,2026-06-05,5,,
87 Edison Pl. - South Garage,120906862,2026-05-28,2026-05-28,2026-06-07,5,,
21 E 15th St. - Union Square Valet Garage,124202892,2026-05-27,2026-05-27,2026-06-03,5,,
87 Edison Pl. - South Garage,124634536,2026-06-01,2026-06-04,2026-06-06,5,,
185 E 85th St. - Valet (Park Lane Garage),124729279,2026-06-04,2026-06-05,2026-06-05,5,,
4650 Broadway - Valet Garage,124863852,2026-06-04,2026-06-04,2026-06-05,5,,
258 Albany St. - Valet (200 Liberty St. Garage),124576101,2026-06-01,2026-06-01,2026-06-02,5,,
150 W 90th St. (189 W 89th St.) - Garage,124518168,2026-05-31,2026-06-01,2026-06-05,5,,
4055 10th Ave. - Valet Garage,124546656,2026-06-01,2026-06-01,2026-06-02,5,,
95 Shatzell Ave. - Amtrak Rhinecliff Lot,124209379,2026-05-27,2026-05-30,2026-06-07,5,,
200 E 61st St. - Valet Garage,124825164,2026-06-04,2026-06-04,2026-06-05,5,,
106 W 30th St. - Kimpton Hotel Eventi Garage,124220588,2026-05-27,2026-05-27,2026-06-05,4,,
2 Mall Dr. East (479 Rear Washington Blvd.) - Newport South - Garage,124709602,2026-06-02,2026-06-02,2026-06-02,5,,
301 W 53rd St.- Valet Garage,124428318,2026-05-30,2026-05-30,2026-06-04,5,,
301 W 53rd St.- Valet Garage,123028400,2026-06-02,2026-06-02,2026-06-04,5,,
31 W 52nd St. - Valet Garage (CBS Building),124156316,2026-05-28,2026-05-28,2026-06-04,5,,
301 W 53rd St.- Valet Garage,124887355,2026-06-05,2026-06-07,2026-06-07,5,,
140 W 51st St. - Valet Garage,124690173,2026-06-04,2026-06-05,2026-06-05,5,,
140 W 51st St. - Valet Garage,124156402,2026-05-26,2026-05-27,2026-06-02,5,,
140 W 51st St. - Valet Garage,125053107,2026-06-07,2026-06-07,2026-06-07,5,,
18-20 Morton St. - Valet Garage,124704482,2026-06-06,2026-06-06,2026-06-07,5,,
120 W 21st St. - Valet Garage,124656285,2026-06-02,2026-06-02,2026-06-05,5,,
18-20 Morton St. - Valet Garage,124866423,2026-06-05,2026-06-05,2026-06-07,5,,
200 E 161st St. - Garage (Concourse Plaza),124839399,2026-06-04,2026-06-04,2026-06-06,5,,
20 W 13th St. - Valet Garage,124145599,2026-05-26,2026-05-26,2026-06-03,5,,
39 E 29th St - Valet Garage,124828371,2026-06-07,2026-06-07,2026-06-09,1,"there was parade roadblock could not get thur eastside and westside try alot detours

they shoulda check activity  (cannot park till 2pm and shoulda discounted

to paid ahead to save space  that day should be refunded",
150 W 90th St. (189 W 89th St.) - Garage,124584474,2026-06-01,2026-06-01,2026-06-11,1,rude,
120 W 21st St. - Valet Garage,125177359,2026-06-08,2026-06-09,2026-06-09,5,no delays in pick up or drop off for me,
100 Christopher Columbus Dr. - Grove Pointe Garage,125535352,2026-06-12,2026-06-13,2026-06-12,1,need a refund could not park here. the garage was closed.,
267-271 W 47th St. - Valet Garage (Biltmore Theatre),125469554,2026-06-12,2026-06-12,2026-06-14,5,itt a great experience for me and my family,
204 E 80th St. - Valet (SFG Garage),125221733,2026-06-09,2026-06-10,2026-06-10,1,Worst experience.  Will never use Spot Hero again. Arrived 3 minutes early and was told  I had  to go back out and come back in after 3.30 because your  technology was saying I couldn’t come in. Attendant not smart and didn’t communicate well.Trying to leave  next day as bad due to your poorly conceived technology and access to WiFi only solved when the manager got involved. Never again and Metropolis people need better training.,
29-33 E 50th St. - New York Palace Valet,124752502,2026-06-11,2026-06-12,2026-06-12,2,"We were waved away at first as the site was congested with vehicles parked with some trying to get in and some trying to exit.
The attendant was doing his best to accommodate everyone but had little help. We fortunately were parked and able to make our grandson's graduation.
If the facility is over booked they should not accept reservations. Nothing worse than traveling more than an hour into the city for a special event and being waved off from the parking you booked way in advance.",
670 Baltic St. (120 5th Ave.) 55 Paseo Place - Garage,124882538,2026-06-14,2026-06-14,2026-06-14,1,We waited an hour for our truck and so did 4 other customers who waiting longer,
470 Dean St. (215 Flatbush Ave.) - Valet,125545608,2026-06-14,2026-06-14,2026-06-14,1,Waited almost two hours to get my car,
470 Dean St. (215 Flatbush Ave.) - Valet,125298402,2026-06-10,2026-06-10,2026-06-10,1,"Very rude workers. They don’t even deserve one star. Will never use not only this parking but will never use spot hero again. They didn’t honer the prepaid receipt. Looked my car key to get full price plus what I had paid.they said it very clearly no $9 anymore. I paid what I was offered online. Plus I paid for the oversized car. Then wanted me to pay one more time or he will not release my car key.  I promise to share my horrible experience with my coworkers , family and friends.",
87 Edison Pl. - South Garage,125552611,2026-06-13,2026-06-13,2026-06-14,3,Very convenient and nice lot  but…Accidentally booked for the wrong location. Left 20 minutes after parking. No refunds once fee was paid.,
513 W 180th St. (2420 Amsterdam Ave.)  - Radio Hotel Garage,125498947,2026-06-13,2026-06-14,2026-06-14,1,Upon arrival at the parking garage was informed that there was no more parking space available. Please refund my money,
7 W 28th St. - Valet (Drucker Lot),125518739,2026-06-12,2026-06-12,2026-06-12,5,Toman is the best.  Takes such care and is always kind and respectful,
140 W 53rd St. - Valet Garage,125508198,2026-06-12,2026-06-13,2026-06-14,5,This was my first use of SpotHero. I am very impressed. I would now use it every time I visit US.,
333 Schermerhorn St. - Valet Garage,125529110,2026-06-13,2026-06-14,2026-06-14,5,"This was an extremely smooth process.  It was easy to drop the car off, and valet retrieved the car quickly at pickup.  Great experience!  The only issue we had was before even entering the garage - the street number is 333, but the garage is more-so 323.  We drove to 333 and ended up driving past it.  But it was easy to turn around so not a big deal.  Actually look at the photo unlike me!",
9201 4th Ave. - Valet Garage,121442537,2026-06-10,2026-06-10,2026-06-10,4,"They had a wrong phone number in the system so I couldn't get the message  from attendant even thogh I called in to fix it before the resvation, she fixed the number and everything was fine.",
29-33 E 50th St. - New York Palace Valet,125333683,2026-06-10,2026-06-11,2026-06-12,3,They had 1 person working both the register and getting cars. It was impossible for him to do it all and get us all out in a quick efficient manner. You could see the attendant was overwhelmed and trying to get it all done. They definitely need to have at least 2 people working for better service. The people waiting were getting upset with the employee but he is one person he cannot split himself in two.  Poor planning on management level.,
150 W 38th St - Valet Garage,124956196,2026-06-10,2026-06-11,2026-06-11,3,They forgot to check me in and I had to help them find my car,
513 W 180th St. (2420 Amsterdam Ave.)  - Radio Hotel Garage,125202094,2026-06-09,2026-06-09,2026-06-10,1,They declined us when we pulled in. Didn’t honor our reservation,
240 E 47th St. - Garage,125468148,2026-06-13,2026-06-14,2026-06-14,4,There was some confusion when we picked up but we resolved it and eventually they located our car,
107 W 31st St - Valet (Continental/Tower 111 Garage),122662796,2026-06-07,2026-06-07,2026-06-09,5,The valets were terrific.,
165 W 65th St - Valet Garage,125416703,2026-06-12,2026-06-13,2026-06-13,5,"The parking attendants were very polite and helpful, especially the gentleman at 12:30 AM.",
219 E 41st St. - Valet Garage,125365429,2026-06-11,2026-06-11,2026-06-12,5,The parking attendant was very friendly and helpful.,
219 E 41st St. - Valet Garage,125421129,2026-06-11,2026-06-12,2026-06-12,5,"The address is wrong. SpotHero says 219 East  41st Street.

The address is actually 214 East 41st Street

This is very confusing especially if you're not from NY.

Please fix.",
301 W 53rd St.- Valet Garage,122741435,2026-05-30,2026-06-02,2026-06-12,1,Stay away from here.  There was a dent in the front corner that was not there when we dropped it off.  The guy who returned it didn't speak good English but insisted it didn't come that way by pointing to their pre inspection on the device that showed some damage but not in that location (car was relatively new and had just a few minor scratches otherwise).,
31 W 52nd St. - Valet Garage (CBS Building),124665900,2026-06-07,2026-06-08,2026-06-09,5,"Staff was well prepared, courteous and friendly, efficient. Everything one could ask for. Very highly recommended.",
140 W 51st St. - Valet Garage,125224866,2026-06-09,2026-06-10,2026-06-10,5,Staff was very friendly and helpful,
29-33 E 50th St. - New York Palace Valet,125385414,2026-06-11,2026-06-11,2026-06-12,3,Staff was nice but they didn’t have enough people causing long waits dropping off and picking up,
80 W 28th St. - Aston Valet Garage,125498334,2026-06-12,2026-06-12,2026-06-12,5,Staff,
200 E 161st St. - Garage (Concourse Plaza),125304626,2026-06-10,2026-06-10,2026-06-10,3,So confused on where to park and if I’m in the right spot and how to get out it’s just a section of a normal parking lot,
25 North Blvd. (30 Newport Pkwy.) - Parkside Garage,125280560,2026-06-10,2026-06-10,2026-06-10,5,Recomiendo la aplicación te hace más fácil ala hora de buscar estacionamiento y te da la opción the precios y horarios primera vez usándola con experiencia positiva,
2 Journal Square Plaza - Journal Square Garage,124758232,2026-06-09,2026-06-09,2026-06-10,1,"Positive: The reservation process was really easy.  Negative:  We could not find the garage.  We put ""2 Journal Square Plaza Parking Garage"" in google maps, and there was no garage at that address.  We ended up having to pay to park elsewhere, and it was too late for me to cancel/request a refund.",
20 W 13th St. - Valet Garage,125407721,2026-06-11,2026-06-11,2026-06-12,3,Poor entrance. Tight squeeze.,
106 W 30th St. - Kimpton Hotel Eventi Garage,125403101,2026-06-11,2026-06-12,2026-06-13,4,Please add a feature on the app enabling the customer to notify pickup time if sooner than booked.,
150 W 38th St - Valet Garage,124895426,2026-06-05,2026-06-05,2026-06-09,3,Parking was way to high up . Drive up was scary,
150 W 38th St - Valet Garage,125637484,2026-06-14,2026-06-14,2026-06-14,3,"Parking was on 5th floor, elevator not working so had to walk down to street level. I was told that when I returned I should request my car from their link and they would bring me my car down. They were not able to bring car down so I had to walk up 5 flights to get my own car. The attendants were pleasant but service was poor.",
106 W 30th St. - Kimpton Hotel Eventi Garage,125425341,2026-06-11,2026-06-11,2026-06-12,2,Only reason I can’t give it a 1 is the guys were so nice. They didn’t want to make anyone upset but they had a crowded garage. My car said it was ready but they couldn’t find my car for over an hour and I was waiting with my family in a very hot garage the whole sweaty time,
4055 10th Ave. - Valet Garage,125582903,2026-06-14,2026-06-14,2026-06-14,5,"One of the best experiences I've had with spothero in NYC. Easy, on time, efficient, no bumps, and a kind friendly attendant. Would definitely book again! Thank you!",
150 W 38th St - Valet Garage,125529415,2026-06-12,2026-06-13,2026-06-13,1,No valet parking,
140 W 53rd St. - Valet Garage,124886473,2026-06-05,2026-06-08,2026-06-09,1,No process for multiple in and out. Everyday they tell new process. Takes 1 hr to figure out things.,
106 W 30th St. - Kimpton Hotel Eventi Garage,125540054,2026-06-12,2026-06-13,2026-06-13,1,Never parked in. Wouldn’t let me refund,
107 W 31st St - Valet (Continental/Tower 111 Garage),125437060,2026-06-11,2026-06-12,2026-06-12,1,Need a refund,
513 W 180th St. (2420 Amsterdam Ave.)  - Radio Hotel Garage,125125433,2026-06-09,2026-06-09,2026-06-09,1,"My family had made a reservation. When we arrived, the lot was full. My dad missed an hour and a half of my graduation trying to find parking elsewhere. I still have not received a refund and am currently waiting to hear back. My whole day was turned upside down when it’s supposed to be a happy and exciting moment. We don’t travel into the city often, and we try to make it as seamless as possible. This place had ruined our entire day and left my whole family disappointed. Have not heard response",
77 Park Ave - Garage,124482532,2026-06-13,2026-06-14,2026-06-14,3,"My car was safe and in a great location. I would definitely come and use this place again. However, when trying to leave, the machine was not scanning my QR code at all to let me out. My passenger and I were both trying and it probably took us at least 10 minutes of trying to scan for the machine to finally take it and open the gate. And because of the time of night (about midnight) no one was around to help. I'm sure this was just a one off but it was very inconvenient and hindered my experienc",
165 W 65th St - Valet Garage,124024717,2026-06-13,2026-06-13,2026-06-14,2,Lot attendant that returned my car smelled of marajuana  and so did my vehicle,
123 E 53rd St. (375 Park Ave.) - Seagrams Building Valet Garage,125509935,2026-06-13,2026-06-13,2026-06-13,1,I’ll never use this service again.,
103 Murray St. - (270 Greenwich Garage),125339248,2026-06-11,2026-06-11,2026-06-12,1,I was double charged for parking here,
140 W 53rd St. - Valet Garage,125245467,2026-06-09,2026-06-09,2026-06-09,1,I was charged 2x for 6min over. Had to wait 20minutes to park,
120 W 21st St. - Valet Garage,125157704,2026-06-09,2026-06-11,2026-06-12,1,I was  charged  twice.  By Soot Hero and the Garage,
513 W 180th St. (2420 Amsterdam Ave.)  - Radio Hotel Garage,125221046,2026-06-09,2026-06-09,2026-06-09,1,"I paid in advance to park here. And when I got here they were full and could not leave my car there. That is ridiculous, what’s the point of this app then",
219 E 41st St. - Valet Garage,125283173,2026-06-10,2026-06-10,2026-06-11,5,I lost my phone with the QR code. Spot Hero helped me by sending it to my friend's phone. The garage staff was kind and checked carefully to be sure that the car was mine. And they moved it into a secure spot so that I could access wifi on my laptop which was in the trunk. Very helpful,
138-20 39th Ave. - Flushing Commons South Garage,125464980,2026-06-12,2026-06-12,2026-06-14,5,I liked being able to park my own car. There were plenty of spaces,
670 Baltic St. (120 5th Ave.) 55 Paseo Place - Garage,125656543,2026-06-14,2026-06-14,2026-06-14,1,I had to wait over 1.5 hours for my car. The spot hero was not registering on the workers application. I will never park here again,
150 W 90th St. (189 W 89th St.) - Garage,125485790,2026-06-12,2026-06-12,2026-06-13,2,I had my car type in my reservation and got hit with another $17 when I showed up. And they made me sign up on an app. Attendant was rude.,
185 E 85th St. - Valet (Park Lane Garage),125404164,2026-06-11,2026-06-11,2026-06-11,5,I had mistakenly used my old credit card and your attendance were very helpful to get my reservation transferred to the new card. I had a very positive experience.,
150 W 90th St. (189 W 89th St.) - Garage,125100309,2026-06-07,2026-06-08,2026-06-09,1,"I had a frustrating experience at this garage. I had a reservation from Sunday, June 7 at 3:00 PM to Monday, June 8 at 3:00 AM, but when I arrived, the process was not clear and I was charged an additional amount on-site in order to retrieve my car.
I received the first text from Metropolis at 3:18 PM when I dropped off the vehicle, and I was only able to pick it up at 5:12 PM after paying the extra charge. This was all on the same day, Sunday, June 7. The service was confusing and inconvenient",
245 E 36th St. - Valet Lot,125174910,2026-06-08,2026-06-08,2026-06-09,1,"Hey, let me pay extra $17. I don't know why.",
90 Town Square Place - Garage,125517074,2026-06-12,2026-06-14,2026-06-14,3,Hard to exit it didn’t open when we wanted to leave,
140 W 53rd St. - Valet Garage,125233299,2026-06-09,2026-06-09,2026-06-10,2,Had to wait over 20 mins to check in -- the garage only had one employee working.,
77 Park Ave - Garage,125651984,2026-06-14,2026-06-14,2026-06-14,4,"Had no issue getting in, but the barcode didn't scan on the way out. I had to contact SpotHero & the garage support to get out - luckily both were helpful.",
150 W 38th St - Valet Garage,125586677,2026-06-13,2026-06-14,2026-06-14,1,Had no elevator,
106 W 30th St. - Kimpton Hotel Eventi Garage,125584150,2026-06-13,2026-06-13,2026-06-14,5,Great!,
219 E 41st St. - Valet Garage,125290121,2026-06-10,2026-06-10,2026-06-14,5,Great staff!,
3 Washington Square Village - Valet Garage,125216724,2026-06-09,2026-06-10,2026-06-10,3,"Google maps could not find the destination. You did elaborate below what streets the garage was between. I think in such circumstances that you need to indicate the garage is inside a housing complex and to insert something like: ""Attention,"" you may have to forego using Google Maps and take Bleecker street in ____direction towards___. You will find the garage inside a housing complex on your left immediately after         .",
51 W 56th St. - Valet Garage,125271224,2026-06-12,2026-06-13,2026-06-14,5,Good spot on the cheap,
200 E 161st St. - Garage (Concourse Plaza),125112112,2026-06-08,2026-06-08,2026-06-10,3,Gate would not open when I tried to exit. I had to get an attendant and wait which made me late to a meeting.,
140 W 51st St. - Valet Garage,124237754,2026-06-11,2026-06-11,2026-06-12,5,"Friendly and professional staff.

I was in and out without any issues or delays.",
165 W 65th St - Valet Garage,125609446,2026-06-13,2026-06-14,2026-06-14,5,Friendly and helpful staff and service,
424 E 53rd St. - Rivercourt Valet Garage,125231983,2026-06-09,2026-06-09,2026-06-10,5,Flawless and great price,
219 E 41st St. - Valet Garage,124989096,2026-06-12,2026-06-12,2026-06-13,5,"Everything about this Parking experience was perfect reservation, timely notifications, and reminder, navigation using my favorite navigation app, time to get the car returned, and the process to get the car returned, the friendly staff. It was one of the best experience on a think that one gets stressed most when thinking to visit New York City.",
150 W 38th St - Valet Garage,125349258,2026-06-12,2026-06-12,2026-06-14,4,Elevator was out 5 floors to walk up 😩,
7 W 28th St. - Valet (Drucker Lot),125083365,2026-06-07,2026-06-07,2026-06-10,4,Easy to park and clean lot but was almost charged twice because they didnt recognize the spot hero pre payment,
38 W 46th St. - Valet Garage,125639270,2026-06-14,2026-06-14,2026-06-14,1,"Due to the Puerto Rican day parade, I was unable to park here and also not able to cancel my reservation. Very unhappy to have spent money on this and. It be able to use it. Used another service to get into a different garage that was accessible to me.",
87 Edison Pl. - South Garage,125085312,2026-06-07,2026-06-07,2026-06-11,1,"Driving directions sent me to the wrong lot; ended up paying for parking twice.
I would have gotten a better price without a reservation! (Newark works in mysterious ways)",
340 E 80th St. - Valet Garage,125127178,2026-06-07,2026-06-11,2026-06-12,1,Did not honor SpotHero reservation. No way to resolve on-site. Had to pay full price.,
200 E 61st St. - Valet Garage,125046290,2026-06-07,2026-06-07,2026-06-09,2,"Despite a prepaid spot hero parking pass for my standard sedan.The parking attendant at metropolis parking garage on sixty first, streets was rude.And insisted on an additional twenty two dollars and fifty cents",
25 New St. (609 Broad St.) - Garage,125532441,2026-06-13,2026-06-13,2026-06-13,5,Convenient to Trinity & St. Philip's Cathedral where I was going.,
100 Christopher Columbus Dr. - Grove Pointe Garage,125517663,2026-06-12,2026-06-13,2026-06-14,3,Confusing to get back in,
215 E 80th St. - Valet Garage,124999109,2026-06-06,2026-06-06,2026-06-12,3,Confusing Metropolis account system. Staff kept blaming the customers👿,
107 W 31st St - Valet (Continental/Tower 111 Garage),124098754,2026-06-12,2026-06-13,2026-06-14,1,Charging oversized fee for a Toyota RAV 4 is ridiculous,
140 W 53rd St. - Valet Garage,124926019,2026-06-07,2026-06-07,2026-06-09,3,Both at dropoff and pickup there seemed to be only one person working at this very busy garage,
60 North End Ave. (250 Vesey) - Valet Garage,125180661,2026-06-09,2026-06-09,2026-06-09,5,Best parking in the city. Super friendly staff.,
424 E 53rd St. - Rivercourt Valet Garage,124979724,2026-06-06,2026-06-09,2026-06-11,5,Best attendants in the city! Love this place!,
150 W 38th St - Valet Garage,123958732,2026-06-14,2026-06-14,2026-06-14,1,Awful service!,
470 Dean St. (215 Flatbush Ave.) - Valet,125652600,2026-06-14,2026-06-14,2026-06-14,1,"Attendant was rude when we arrived. He told us just to request our car after and it would come. When we were ready to leave , I requested the car via the text message. I asked the attendant a little while later if I also needed to tell him and he said no. 45 minutes later, still no car. I spoke to the attendant again and he said I should have told him I was there. I had told him already. There were many people waiting and none of them knew to tell him. Will never use again. 1 hour to get my car.",
470 Dean St. (215 Flatbush Ave.) - Valet,125177176,2026-06-08,2026-06-08,2026-06-10,1,Attendant stated it doesn’t show that I paid on his end. Even after I showed him my paid confirmation. He demanded to pay in cash in order to release my vehicle. After arguing with him for 30 minutes and me refusing to pay him in cash. he then stated that it  is now showing up on my system that you paid.  That is when he decided to release my vehicle.,
204 E 80th St. - Valet (SFG Garage),125340423,2026-06-10,2026-06-11,2026-06-14,1,Arrived to find garage was full and they refused to honor the reservation,
301 W 53rd St.- Valet Garage,125662251,2026-06-14,2026-06-14,2026-06-14,5,Amazing service!,
513 W 180th St. (2420 Amsterdam Ave.)  - Radio Hotel Garage,118850834,2026-06-06,2026-06-07,2026-06-09,1,After having my reservations booked for months. I had a problem retrieving my vehicle at check out.,
165 W 65th St - Valet Garage,124621650,2026-06-10,2026-06-10,2026-06-11,5,A new favorite parking spot!,
87 Edison Pl. - South Garage,125478302,2026-06-13,2026-06-13,2026-06-14,4,A great Newark Penn Station parking option. The directions got me to the right street (ally) but tried to have me turn into the Prudential only parking space. The lot is the garage. Easy in and out.,
140 W 51st St. - Valet Garage,125197008,2026-06-11,2026-06-12,2026-06-13,4,,
31 W 52nd St. - Valet Garage (CBS Building),125607884,2026-06-13,2026-06-14,2026-06-14,5,,
9 W 31st St. - Valet Garage,125229070,2026-06-09,2026-06-09,2026-06-12,2,,
120 W 21st St. - Valet Garage,125174707,2026-06-08,2026-06-09,2026-06-10,5,,
200 E 161st St. - Garage (Concourse Plaza),125386936,2026-06-11,2026-06-11,2026-06-12,5,,
267-271 W 47th St. - Valet Garage (Biltmore Theatre),125620074,2026-06-14,2026-06-14,2026-06-14,1,,
267-271 W 47th St. - Valet Garage (Biltmore Theatre),124705436,2026-06-03,2026-06-03,2026-06-09,5,,
107 W 31st St - Valet (Continental/Tower 111 Garage),125291064,2026-06-10,2026-06-10,2026-06-11,5,,
107 W 31st St - Valet (Continental/Tower 111 Garage),125234639,2026-06-10,2026-06-11,2026-06-12,5,,
150 W 38th St - Valet Garage,125139309,2026-06-08,2026-06-09,2026-06-11,5,,
107 W 31st St - Valet (Continental/Tower 111 Garage),125301354,2026-06-10,2026-06-10,2026-06-11,5,,
300 Cadman Plaza West - Pierrepont Plaza - Valet Garage,125222884,2026-06-09,2026-06-09,2026-06-10,5,,
150 W 38th St - Valet Garage,125513606,2026-06-12,2026-06-13,2026-06-13,5,,
204 E 80th St. - Valet (SFG Garage),125082936,2026-06-07,2026-06-08,2026-06-09,5,,
7 W 28th St. - Valet (Drucker Lot),124859931,2026-06-04,2026-06-05,2026-06-10,5,,
51 W 56th St. - Valet Garage,124401610,2026-05-30,2026-05-30,2026-06-12,5,,
450 E 63rd St. - Valet (Sutton Terrace Garage),125462588,2026-06-12,2026-06-12,2026-06-14,5,,
51 W 56th St. - Valet Garage,125280117,2026-06-09,2026-06-10,2026-06-10,5,,
340 E 80th St. - Valet Garage,125200426,2026-06-09,2026-06-09,2026-06-10,5,,
38 W 46th St. - Valet Garage,125530519,2026-06-13,2026-06-14,2026-06-14,5,,
215 E 80th St. - Valet Garage,125468381,2026-06-12,2026-06-12,2026-06-14,5,,
90 Town Square Place - Garage,123173302,2026-05-13,2026-06-12,2026-06-13,5,,
185 E 85th St. - Valet (Park Lane Garage),125316097,2026-06-10,2026-06-10,2026-06-11,5,,
345 W 58th St. - Valet Garage,124884867,2026-06-06,2026-06-07,2026-06-10,5,,
185 E 85th St. - Valet (Park Lane Garage),125324848,2026-06-10,2026-06-10,2026-06-11,5,,
154 E 53rd St. - Valet Garage,124679486,2026-06-02,2026-06-02,2026-06-10,5,,
545 E 116th St. (East River Plaza) - Garage,125394449,2026-06-11,2026-06-12,2026-06-12,5,,
219 E 41st St. - Valet Garage,125180823,2026-06-09,2026-06-09,2026-06-09,5,,
258 Albany St. - Valet (200 Liberty St. Garage),125368368,2026-06-11,2026-06-11,2026-06-11,5,,
219 E 41st St. - Valet Garage,125182262,2026-06-08,2026-06-09,2026-06-14,5,,
345 W 58th St. - Valet Garage,125201336,2026-06-09,2026-06-09,2026-06-12,5,,
165 W 65th St - Valet Garage,124624684,2026-06-03,2026-06-03,2026-06-09,5,,
345 W 58th St. - Valet Garage,125409379,2026-06-11,2026-06-12,2026-06-14,5,,
25 New St. (609 Broad St.) - Garage,125265739,2026-06-10,2026-06-10,2026-06-10,5,,
2 Metrotech (100 Myrtle Ave),125218430,2026-06-09,2026-06-09,2026-06-10,5,,
251 Pearl St. - Valet Lot,125159481,2026-06-08,2026-06-11,2026-06-11,5,,
29-33 E 50th St. - New York Palace Valet,125304274,2026-06-11,2026-06-12,2026-06-12,5,,
E 20th St. and Ave. C - Skyport Surface Lot,125529965,2026-06-12,2026-06-13,2026-06-13,5,,
2 Mall Dr. East (479 Rear Washington Blvd.) - Newport South - Garage,125148832,2026-06-08,2026-06-08,2026-06-10,5,,
138-20 39th Ave. - Flushing Commons South Garage,125228635,2026-06-09,2026-06-09,2026-06-10,5,,
2 Mall Dr. East (479 Rear Washington Blvd.) - Newport South - Garage,125380248,2026-06-11,2026-06-11,2026-06-13,5,,
30 Park Ln. N - The Bisby Garage,125538779,2026-06-13,2026-06-13,2026-06-14,5,,
2 Mall Dr. East (479 Rear Washington Blvd.) - Newport South - Garage,125567019,2026-06-13,2026-06-13,2026-06-13,5,,
25 North Blvd. (30 Newport Pkwy.) - Parkside Garage,125339197,2026-06-10,2026-06-10,2026-06-11,5,,
55b Richmond Terrace - Empire Outlets Garage,125556289,2026-06-13,2026-06-14,2026-06-14,5,,
106 W 30th St. - Kimpton Hotel Eventi Garage,119695646,2026-06-12,2026-06-13,2026-06-13,5,,
129 Roosevelt Ave. (40-24 College Point Blvd.) - Skyview Mall Garage,125575021,2026-06-13,2026-06-13,2026-06-14,5,,
103 Murray St. - (270 Greenwich Garage),125434464,2026-06-11,2026-06-12,2026-06-12,5,,
25 Waterside Plaza,125339793,2026-06-13,2026-06-14,2026-06-14,5,,
301 E 66th St. - Valet Garage,125149956,2026-06-08,2026-06-08,2026-06-09,5,,
E 20th St. and Ave. C - Skyport Surface Lot,124389768,2026-05-29,2026-05-31,2026-06-13,5,,
424 E 53rd St. - Rivercourt Valet Garage,124671525,2026-06-02,2026-06-04,2026-06-10,5,,
25 North Blvd. (30 Newport Pkwy.) - Parkside Garage,125438098,2026-06-13,2026-06-14,2026-06-14,5,,
424 E 53rd St. - Rivercourt Valet Garage,125430185,2026-06-12,2026-06-13,2026-06-14,5,,
100 Christopher Columbus Dr. - Grove Pointe Garage,125513311,2026-06-12,2026-06-12,2026-06-12,5,,
38 W 46th St. - Valet Garage,122472296,2026-06-10,2026-06-11,2026-06-12,5,,
31 W 52nd St. - Valet Garage (CBS Building),124872216,2026-06-05,2026-06-05,2026-06-09,5,,
77 Park Ave - Garage,125189797,2026-06-08,2026-06-09,2026-06-09,5,,
31 W 52nd St. - Valet Garage (CBS Building),125140841,2026-06-08,2026-06-08,2026-06-10,5,,
345 W 58th St. - Valet Garage,125204598,2026-06-09,2026-06-09,2026-06-10,5,,
31 W 52nd St. - Valet Garage (CBS Building),125149611,2026-06-08,2026-06-08,2026-06-09,5,,
200 Park Ave (167 Park Ave Viaduct)- Valet Garage (ARCHIVED),124167467,2026-05-27,2026-05-27,2026-06-10,5,,
140 W 51st St. - Valet Garage,125262805,2026-06-09,2026-06-10,2026-06-11,5,,
154 E 53rd St. - Valet Garage,125402989,2026-06-11,2026-06-11,2026-06-11,5,,
140 W 51st St. - Valet Garage,125275219,2026-06-10,2026-06-10,2026-06-11,5,,
219 E 41st St. - Valet Garage,124653169,2026-06-02,2026-06-02,2026-06-10,5,,
9 W 31st St. - Valet Garage,125395044,2026-06-11,2026-06-11,2026-06-11,5,,
140 W 53rd St. - Valet Garage,124566509,2026-06-01,2026-06-01,2026-06-11,4,,
200 E 161st St. - Garage (Concourse Plaza),124598696,2026-06-06,2026-06-06,2026-06-10,5,,
140 W 53rd St. - Valet Garage,125340562,2026-06-10,2026-06-11,2026-06-13,5,,
267-271 W 47th St. - Valet Garage (Biltmore Theatre),124569297,2026-06-06,2026-06-07,2026-06-09,5,,
25 Waterside Plaza,125607721,2026-06-13,2026-06-14,2026-06-14,5,,
220 E 65th St. - Valet (Concorde Garage),124430570,2026-06-02,2026-06-08,2026-06-11,5,,
474 Warren St. - VYV Garage,124588983,2026-06-01,2026-06-01,2026-06-14,5,,
150 W 38th St - Valet Garage,125509264,2026-06-12,2026-06-13,2026-06-13,5,,
138-20 39th Ave. - Flushing Commons South Garage,125553163,2026-06-13,2026-06-13,2026-06-14,5,,
103 Murray St. - (270 Greenwich Garage),125213097,2026-06-09,2026-06-09,2026-06-10,4,,
87 Edison Pl. - South Garage,125393809,2026-06-11,2026-06-12,2026-06-12,4,,
18-20 Morton St. - Valet Garage,124941842,2026-06-05,2026-06-05,2026-06-12,5,,
513 W 180th St. (2420 Amsterdam Ave.)  - Radio Hotel Garage,124881024,2026-06-04,2026-06-05,2026-06-11,5,,
20 W 13th St. - Valet Garage,125392147,2026-06-11,2026-06-11,2026-06-12,5,,
150 W 90th St. (189 W 89th St.) - Garage,125559561,2026-06-13,2026-06-14,2026-06-14,5,,
424 E 53rd St. - Rivercourt Valet Garage,124329055,2026-06-11,2026-06-13,2026-06-13,5,,
301 W 53rd St.- Valet Garage,125568135,2026-06-13,2026-06-13,2026-06-14,5,,
38 W 46th St. - Valet Garage,125615722,2026-06-13,2026-06-14,2026-06-14,5,,
31 W 52nd St. - Valet Garage (CBS Building),125242505,2026-06-10,2026-06-10,2026-06-10,5,,
258 Albany St. - Valet (200 Liberty St. Garage),124836720,2026-06-04,2026-06-04,2026-06-12,5,,
120 W 21st St. - Valet Garage,125223498,2026-06-09,2026-06-09,2026-06-10,5,,
154 E 53rd St. - Valet Garage,125155941,2026-06-08,2026-06-08,2026-06-12,5,,
150 W 38th St - Valet Garage,124346923,2026-05-29,2026-05-29,2026-06-12,5,,
200 E 61st St. - Valet Garage,125545927,2026-06-13,2026-06-13,2026-06-14,5,,
150 W 38th St - Valet Garage,125083942,2026-06-07,2026-06-07,2026-06-09,5,,
2 Metrotech (100 Myrtle Ave),124854160,2026-06-12,2026-06-13,2026-06-13,5,,
150 W 38th St - Valet Garage,125297659,2026-06-10,2026-06-11,2026-06-12,5,,
30-20 Thomson Ave. - Int'l Design Center Lot,124692014,2026-06-03,2026-06-03,2026-06-09,5,,
18-20 Morton St. - Valet Garage,125606276,2026-06-13,2026-06-14,2026-06-14,5,,
165 W 65th St - Valet Garage,125520723,2026-06-12,2026-06-13,2026-06-14,5,,
1360 Fulton St. - Restoration Plaza Garage,125365936,2026-06-12,2026-06-12,2026-06-12,5,,
480 W 13th St (28 10th Ave) - Lot,124865677,2026-06-10,2026-06-10,2026-06-12,4,,
301 E 66th St. - Valet Garage,125432711,2026-06-12,2026-06-12,2026-06-14,5,,
480 W 13th St (28 10th Ave) - Lot,125439629,2026-06-12,2026-06-12,2026-06-14,5,,
185 E 85th St. - Valet (Park Lane Garage),124697091,2026-06-02,2026-06-02,2026-06-13,5,,
480 W 13th St (28 10th Ave) - Lot,125446459,2026-06-11,2026-06-12,2026-06-13,5,,
77 Park Ave - Garage,125047585,2026-06-08,2026-06-09,2026-06-13,5,,
245 E 36th St. - Valet Lot,124835360,2026-06-04,2026-06-04,2026-06-11,5,,
240 E 47th St. - Garage,125202429,2026-06-09,2026-06-10,2026-06-11,5,,
245 E 36th St. - Valet Lot,125137297,2026-06-08,2026-06-08,2026-06-10,5,,
200 E 61st St. - Valet Garage,125141986,2026-06-08,2026-06-08,2026-06-10,5,,
E 20th St. and Ave. C - Skyport Surface Lot,125141881,2026-06-08,2026-06-08,2026-06-09,5,,
165 W 65th St - Valet Garage,124634266,2026-06-10,2026-06-10,2026-06-11,5,,
25 North Blvd. (30 Newport Pkwy.) - Parkside Garage,124823305,2026-06-04,2026-06-04,2026-06-10,5,,
1105 St Nicholas Ave. - Audubon Lot,125238660,2026-06-10,2026-06-10,2026-06-10,5,,
301 W 53rd St.- Valet Garage,125406253,2026-06-11,2026-06-11,2026-06-12,5,,
55b Richmond Terrace - Empire Outlets Garage,124901869,2026-06-05,2026-06-07,2026-06-12,5,,
31 W 52nd St. - Valet Garage (CBS Building),124844980,2026-06-04,2026-06-04,2026-06-14,5,,
3711 138th St. - Flushing Commons Lot,125405715,2026-06-11,2026-06-11,2026-06-11,5,,
838 11th Ave (555 W 57th St) - Valet Garage (BMW Building),125513128,2026-06-13,2026-06-13,2026-06-13,5,,
138-20 39th Ave. - Flushing Commons South Garage,125030623,2026-06-06,2026-06-07,2026-06-12,5,,
140 W 51st St. - Valet Garage,124265264,2026-05-28,2026-05-28,2026-06-10,5,,
60 E 12th St. - Valet Garage,125391952,2026-06-11,2026-06-11,2026-06-12,5,,
9 W 31st St. - Valet Garage,125242513,2026-06-09,2026-06-09,2026-06-10,5,,
301 W 53rd St.- Valet Garage,124407873,2026-05-29,2026-05-30,2026-06-09,5,,
107 W 31st St - Valet (Continental/Tower 111 Garage),124529220,2026-06-12,2026-06-13,2026-06-13,5,,
150 W 38th St - Valet Garage,125385133,2026-06-11,2026-06-11,2026-06-13,5,,
150 W 38th St - Valet Garage,124188204,2026-05-28,2026-05-28,2026-06-10,5,,
103 Murray St. - (270 Greenwich Garage),125174394,2026-06-09,2026-06-09,2026-06-09,5,,
103 Murray St. - (270 Greenwich Garage),124638926,2026-06-01,2026-06-02,2026-06-10,5,,
18-20 Morton St. - Valet Garage,124294770,2026-05-30,2026-05-30,2026-06-09,5,,
103 Murray St. - (270 Greenwich Garage),125292063,2026-06-10,2026-06-11,2026-06-11,5,,
300 Cadman Plaza West - Pierrepont Plaza - Valet Garage,125375630,2026-06-11,2026-06-11,2026-06-14,5,,
7 W 28th St. - Valet (Drucker Lot),125601456,2026-06-13,2026-06-13,2026-06-14,5,,
101 Worth St. - Valet (Foley Square Garage),125367698,2026-06-11,2026-06-11,2026-06-11,5,,
340 E 80th St. - Valet Garage,124538636,2026-06-01,2026-06-01,2026-06-12,5,,
450 E 63rd St. - Valet (Sutton Terrace Garage),125625141,2026-06-14,2026-06-14,2026-06-14,5,,
215 E 80th St. - Valet Garage,125145827,2026-06-08,2026-06-08,2026-06-09,5,,
38 W 46th St. - Valet Garage,125343464,2026-06-10,2026-06-11,2026-06-13,5,,
38 W 46th St. - Valet Garage,125432213,2026-06-12,2026-06-12,2026-06-14,2,,
258 Albany St. - Valet (200 Liberty St. Garage),124843821,2026-06-04,2026-06-04,2026-06-11,5,,
258 Albany St. - Valet (200 Liberty St. Garage),124734542,2026-06-03,2026-06-03,2026-06-10,5,,
470 Dean St. (215 Flatbush Ave.) - Valet,124958807,2026-06-06,2026-06-07,2026-06-12,5,,
77 Park Ave - Garage,125340327,2026-06-10,2026-06-11,2026-06-13,5,,
3 Washington Square Village - Valet Garage,125321496,2026-06-10,2026-06-11,2026-06-13,5,,
345 W 58th St. - Valet Garage,124511210,2026-05-31,2026-06-01,2026-06-14,5,,
480 W 13th St (28 10th Ave) - Lot,125567607,2026-06-13,2026-06-13,2026-06-13,5,,
200 Park Ave (167 Park Ave Viaduct)- Valet Garage (ARCHIVED),124117074,2026-05-26,2026-05-26,2026-06-09,5,,
515 E 79th St. - Valet Garage,124823578,2026-06-09,2026-06-09,2026-06-10,5,,
219 E 41st St. - Valet Garage,124659092,2026-06-02,2026-06-02,2026-06-09,5,,
138-20 39th Ave. - Flushing Commons South Garage,125312469,2026-06-10,2026-06-10,2026-06-10,5,,
470 Dean St. (215 Flatbush Ave.) - Valet,124882897,2026-06-05,2026-06-06,2026-06-10,5,,
138-20 39th Ave. - Flushing Commons South Garage,125645025,2026-06-14,2026-06-14,2026-06-14,5,,
333 Schermerhorn St. - Valet Garage,124655400,2026-06-08,2026-06-10,2026-06-10,5,,
301 W 53rd St.- Valet Garage,125129376,2026-06-07,2026-06-09,2026-06-10,5,,
30-20 Thomson Ave. - Int'l Design Center Lot,125465529,2026-06-12,2026-06-12,2026-06-13,5,,
140 W 51st St. - Valet Garage,124143262,2026-06-10,2026-06-11,2026-06-11,5,,
480 W 13th St (28 10th Ave) - Lot,124651867,2026-06-02,2026-06-02,2026-06-10,5,,
140 W 51st St. - Valet Garage,124829780,2026-06-09,2026-06-09,2026-06-10,5,,
561 Washington Blvd - Newport North Garage,125356177,2026-06-10,2026-06-10,2026-06-10,5,,
267-271 W 47th St. - Valet Garage (Biltmore Theatre),125081375,2026-06-07,2026-06-07,2026-06-09,4,,
39 E 29th St - Valet Garage,124734896,2026-06-03,2026-06-03,2026-06-09,5,,
150 W 38th St - Valet Garage,125180558,2026-06-09,2026-06-09,2026-06-09,5,,
245 E 36th St. - Valet Lot,125173221,2026-06-08,2026-06-08,2026-06-10,5,,
18-20 Morton St. - Valet Garage,125133043,2026-06-08,2026-06-08,2026-06-09,5,,
474 Warren St. - VYV Garage,125023478,2026-06-06,2026-06-07,2026-06-11,5,,
185 E 85th St. - Valet (Park Lane Garage),125333760,2026-06-11,2026-06-11,2026-06-12,5,,
533 Main St. - Brick Church Garage,124323257,2026-05-30,2026-06-01,2026-06-11,5,,
545 E 116th St. (East River Plaza) - Garage,125539405,2026-06-12,2026-06-13,2026-06-14,5,,
30 Park Ln. N - The Bisby Garage,124618592,2026-06-01,2026-06-01,2026-06-09,5,,
77 Park Ave - Garage,125371843,2026-06-11,2026-06-11,2026-06-12,5,,
30 Park Ln. N - The Bisby Garage,124940414,2026-06-06,2026-06-06,2026-06-09,5,,
90 Town Square Place - Garage,124197350,2026-05-27,2026-05-28,2026-06-10,5,,
25 North Blvd. (30 Newport Pkwy.) - Parkside Garage,125380190,2026-06-11,2026-06-11,2026-06-12,5,,
200 E 61st St. - Valet Garage,124566158,2026-06-13,2026-06-13,2026-06-14,5,,
87 Edison Pl. - South Garage,125576177,2026-06-13,2026-06-14,2026-06-14,5,,
1105 St Nicholas Ave. - Audubon Lot,125105665,2026-06-07,2026-06-07,2026-06-09,5,,
120 W 21st St. - Valet Garage,125166029,2026-06-08,2026-06-09,2026-06-10,5,,
480 W 13th St (28 10th Ave) - Lot,125594202,2026-06-13,2026-06-14,2026-06-14,1,,
150 W 38th St - Valet Garage,125091849,2026-06-07,2026-06-07,2026-06-10,5,,
140 W 53rd St. - Valet Garage,125269653,2026-06-10,2026-06-10,2026-06-11,5,,
7 W 28th St. - Valet (Drucker Lot),124944155,2026-06-05,2026-06-06,2026-06-13,5,,
474 Warren St. - VYV Garage,124561051,2026-06-01,2026-06-01,2026-06-14,5,,
450 E 63rd St. - Valet (Sutton Terrace Garage),125186865,2026-06-09,2026-06-09,2026-06-10,5,,
30 River Ct. (1 River Dr. S) - Riverside Garage,123217345,2026-05-23,2026-05-30,2026-06-09,5,,
301 E 66th St. - Valet Garage,124983579,2026-06-06,2026-06-06,2026-06-09,5,,
87 Edison Pl. - South Garage,124775700,2026-06-04,2026-06-04,2026-06-11,2,,
38 W 46th St. - Valet Garage,124614494,2026-06-02,2026-06-02,2026-06-12,5,,
54 W 81st St. - American Museum Of Natural History Garage,125144075,2026-06-08,2026-06-08,2026-06-14,5,,
154 E 53rd St. - Valet Garage,125157249,2026-06-08,2026-06-08,2026-06-09,5,,
220 E 65th St. - Valet (Concorde Garage),125149437,2026-06-08,2026-06-08,2026-06-09,5,,
219 E 41st St. - Valet Garage,125003188,2026-06-06,2026-06-07,2026-06-12,5,,
107 W 31st St - Valet (Continental/Tower 111 Garage),125504376,2026-06-13,2026-06-14,2026-06-14,5,,
219 E 41st St. - Valet Garage,125437324,2026-06-11,2026-06-12,2026-06-13,5,,
103 Murray St. - (270 Greenwich Garage),125183903,2026-06-08,2026-06-09,2026-06-10,5,,
470 Dean St. (215 Flatbush Ave.) - Valet,125436153,2026-06-11,2026-06-12,2026-06-12,5,,
103 Murray St. - (270 Greenwich Garage),125214623,2026-06-09,2026-06-09,2026-06-10,5,,
129 Roosevelt Ave. (40-24 College Point Blvd.) - Skyview Mall Garage,125564854,2026-06-13,2026-06-13,2026-06-14,4,,
18-20 Morton St. - Valet Garage,124815154,2026-06-04,2026-06-04,2026-06-09,4,,
2 McKenny St. - Panorama Valet Garage,124858830,2026-06-04,2026-06-06,2026-06-11,5,,
18-20 Morton St. - Valet Garage,125318605,2026-06-10,2026-06-10,2026-06-11,5,,
2 McKenny St. - Panorama Valet Garage,125209251,2026-06-09,2026-06-09,2026-06-10,5,,
101 Worth St. - Valet (Foley Square Garage),124880535,2026-06-05,2026-06-05,2026-06-11,5,,
50 River Dr. S - Garage,125379288,2026-06-11,2026-06-11,2026-06-12,5,,
38 W 46th St. - Valet Garage,125132436,2026-06-08,2026-06-08,2026-06-09,4,,
538 E 85th St. (110 East End Ave.) - Valet Garage,124800584,2026-06-07,2026-06-07,2026-06-10,5,,
219 E 41st St. - Valet Garage,125167411,2026-06-08,2026-06-08,2026-06-10,5,,
87 Edison Pl. - South Garage,124894643,2026-06-05,2026-06-05,2026-06-12,5,,
220 E 67th St. - Valet Garage,125332381,2026-06-10,2026-06-10,2026-06-12,5,,
168-35 Rockaway Blvd. - Rockaway Boulevard Lot,125122507,2026-06-11,2026-06-12,2026-06-12,5,,
137 Duffield St - 15 MetroTech Valet Garage,125144099,2026-06-08,2026-06-08,2026-06-11,5,,
81 Fleet Pl. - Garage,124798143,2026-06-04,2026-06-04,2026-06-10,5,,
137 Duffield St - 15 MetroTech Valet Garage,125204842,2026-06-09,2026-06-09,2026-06-09,5,,
120 W 21st St. - Valet Garage,125413357,2026-06-11,2026-06-11,2026-06-12,5,,
29-33 E 50th St. - New York Palace Valet,124347557,2026-05-29,2026-05-31,2026-06-14,5,,
9 W 31st St. - Valet Garage,125386666,2026-06-11,2026-06-11,2026-06-12,5,,
4 E 72nd St - 910 5th Ave Building - Valet Garage,124678730,2026-06-02,2026-06-02,2026-06-11,5,,
150 W 38th St - Valet Garage,125261760,2026-06-09,2026-06-10,2026-06-14,5,,
333 Schermerhorn St. - Valet Garage,125428063,2026-06-13,2026-06-14,2026-06-14,5,,
300 Cadman Plaza West - Pierrepont Plaza - Valet Garage,124995859,2026-06-06,2026-06-07,2026-06-10,5,,
129 Roosevelt Ave. (40-24 College Point Blvd.) - Skyview Mall Garage,125574817,2026-06-13,2026-06-13,2026-06-14,5,,
450 E 63rd St. - Valet (Sutton Terrace Garage),125000226,2026-06-07,2026-06-08,2026-06-12,5,,
480 W 13th St (28 10th Ave) - Lot,125396303,2026-06-11,2026-06-11,2026-06-12,5,,
424 E 53rd St. - Rivercourt Valet Garage,124660209,2026-06-02,2026-06-10,2026-06-11,5,,
39 E 29th St - Valet Garage,124996721,2026-06-06,2026-06-06,2026-06-09,1,,
38 W 46th St. - Valet Garage,125346856,2026-06-10,2026-06-11,2026-06-11,5,,
25 Wall St. - Lot,125120886,2026-06-08,2026-06-09,2026-06-09,5,,
219 E 41st St. - Valet Garage,124853353,2026-06-08,2026-06-08,2026-06-10,5,,
140 W 51st St. - Valet Garage,125335975,2026-06-12,2026-06-12,2026-06-12,5,,
219 E 41st St. - Valet Garage,125299322,2026-06-10,2026-06-10,2026-06-11,5,,
107 W 31st St - Valet (Continental/Tower 111 Garage),124300105,2026-05-28,2026-05-29,2026-06-11,2,,
137 Duffield St - 15 MetroTech Valet Garage,124814366,2026-06-04,2026-06-04,2026-06-10,4,,
103 Murray St. - (270 Greenwich Garage),124742775,2026-06-09,2026-06-09,2026-06-09,5,,
2 Metrotech (100 Myrtle Ave),124660649,2026-06-02,2026-06-02,2026-06-10,5,,
7 W 28th St. - Valet (Drucker Lot),125315949,2026-06-10,2026-06-10,2026-06-14,5,,
123-60 83rd Ave - Valet Garage,125238816,2026-06-10,2026-06-11,2026-06-11,5,,
21 E 15th St. - Union Square Valet Garage,125145375,2026-06-08,2026-06-09,2026-06-09,5,,
333 Schermerhorn St. - Valet Garage,125368378,2026-06-11,2026-06-11,2026-06-11,5,,
21 E 15th St. - Union Square Valet Garage,125506967,2026-06-12,2026-06-14,2026-06-14,5,,
60 W 66th St. (2 Lincoln Plaza) - Valet Garage,125333740,2026-06-10,2026-06-10,2026-06-12,5,,
340 E 80th St. - Valet Garage,125415631,2026-06-11,2026-06-11,2026-06-11,5,,
25 Waterside Plaza,124378473,2026-05-29,2026-05-30,2026-06-09,5,,
301 E 66th St. - Valet Garage,125178910,2026-06-08,2026-06-09,2026-06-10,5,,
474 Warren St. - VYV Garage,124738161,2026-06-03,2026-06-03,2026-06-09,5,,
301 E 66th St. - Valet Garage,125502823,2026-06-12,2026-06-12,2026-06-13,5,,
E 20th St. and Ave. C - Skyport Surface Lot,124159419,2026-05-26,2026-05-27,2026-06-10,5,,
185 E 85th St. - Valet (Park Lane Garage),124320713,2026-06-04,2026-06-04,2026-06-09,5,,
E 20th St. and Ave. C - Skyport Surface Lot,124983358,2026-06-06,2026-06-07,2026-06-14,5,,
185 E 85th St. - Valet (Park Lane Garage),125422246,2026-06-11,2026-06-11,2026-06-12,5,,
31 W 52nd St. - Valet Garage (CBS Building),124436508,2026-05-30,2026-05-31,2026-06-10,5,,
219 E 41st St. - Valet Garage,125187530,2026-06-09,2026-06-09,2026-06-09,5,,
31 W 52nd St. - Valet Garage (CBS Building),124562758,2026-06-14,2026-06-14,2026-06-14,5,,
219 E 41st St. - Valet Garage,125479332,2026-06-12,2026-06-12,2026-06-13,5,,
31 W 52nd St. - Valet Garage (CBS Building),125237144,2026-06-10,2026-06-11,2026-06-11,5,,
2 Metrotech (100 Myrtle Ave),125177875,2026-06-08,2026-06-09,2026-06-09,5,,
103 Murray St. - (270 Greenwich Garage),125484279,2026-06-13,2026-06-13,2026-06-14,5,,
2 Metrotech (100 Myrtle Ave),125365647,2026-06-11,2026-06-11,2026-06-11,5,,
300 Cadman Plaza West - Pierrepont Plaza - Valet Garage,125500759,2026-06-12,2026-06-12,2026-06-12,3,,
2 Mall Dr. East (479 Rear Washington Blvd.) - Newport South - Garage,125300963,2026-06-10,2026-06-10,2026-06-12,5,,
450 E 63rd St. - Valet (Sutton Terrace Garage),124434902,2026-05-30,2026-05-30,2026-06-13,5,,
129 Roosevelt Ave. (40-24 College Point Blvd.) - Skyview Mall Garage,124430386,2026-05-30,2026-05-30,2026-06-10,5,,
450 E 63rd St. - Valet (Sutton Terrace Garage),125308799,2026-06-10,2026-06-10,2026-06-11,5,,
245 E 36th St. - Valet Lot,125187664,2026-06-08,2026-06-08,2026-06-09,5,,
215 E 80th St. - Valet Garage,125469834,2026-06-12,2026-06-12,2026-06-13,5,,
2 McKenny St. - Panorama Valet Garage,124940270,2026-06-05,2026-06-05,2026-06-10,5,,
51 W 56th St. - Valet Garage,125125504,2026-06-11,2026-06-11,2026-06-14,5,,
2 McKenny St. - Panorama Valet Garage,125095014,2026-06-07,2026-06-07,2026-06-14,5,,
545 E 116th St. (East River Plaza) - Garage,125560786,2026-06-13,2026-06-13,2026-06-14,5,,
515 E 79th St. - Valet Garage,122742796,2026-06-03,2026-06-05,2026-06-09,5,,
258 Albany St. - Valet (200 Liberty St. Garage),124194073,2026-05-27,2026-05-27,2026-06-09,5,,
515 E 79th St. - Valet Garage,124885224,2026-06-05,2026-06-06,2026-06-09,5,,
345 W 58th St. - Valet Garage,124949835,2026-06-05,2026-06-06,2026-06-12,5,,
140 W 51st St. - Valet Garage,125583521,2026-06-13,2026-06-14,2026-06-14,5,,
345 W 58th St. - Valet Garage,125072700,2026-06-10,2026-06-11,2026-06-12,5,,
9 W 31st St. - Valet Garage,124912471,2026-06-06,2026-06-13,2026-06-13,5,,
200 Cadman Plaza West (75 Henry St. - Valet Garage),125216711,2026-06-09,2026-06-09,2026-06-11,5,,
7 W 28th St. - Valet (Drucker Lot),125417965,2026-06-12,2026-06-13,2026-06-14,1,,
200 Cadman Plaza West (75 Henry St. - Valet Garage),125303382,2026-06-10,2026-06-10,2026-06-12,5,,
21 E 15th St. - Union Square Valet Garage,124252316,2026-05-28,2026-05-29,2026-06-09,5,,
2 Metrotech (100 Myrtle Ave),124343953,2026-05-29,2026-05-29,2026-06-10,5,,
204 E 80th St. - Valet (SFG Garage),125181362,2026-06-08,2026-06-09,2026-06-11,5,,
2 Journal Square Plaza - Journal Square Garage,125221517,2026-06-09,2026-06-09,2026-06-10,5,,
185 E 85th St. - Valet (Park Lane Garage),124337868,2026-05-29,2026-05-29,2026-06-12,5,,
470 Dean St. (215 Flatbush Ave.) - Valet,124664467,2026-06-02,2026-06-02,2026-06-09,5,,
424 E 53rd St. - Rivercourt Valet Garage,124897998,2026-06-05,2026-06-06,2026-06-11,5,,
60 W 66th St. (2 Lincoln Plaza) - Valet Garage,125266652,2026-06-09,2026-06-10,2026-06-13,5,,
90 Town Square Place - Garage,125575694,2026-06-13,2026-06-13,2026-06-14,5,,
100 Warren St. - Portside Towers Garage,124923832,2026-06-05,2026-06-08,2026-06-09,5,,
345 W 58th St. - Valet Garage,124858839,2026-06-04,2026-06-05,2026-06-13,5,,
50 River Dr. S - Garage,124766222,2026-06-03,2026-06-03,2026-06-11,5,,
200 Cadman Plaza West (75 Henry St. - Valet Garage),124522404,2026-05-31,2026-05-31,2026-06-12,5,,
50 River Dr. S - Garage,125216650,2026-06-09,2026-06-09,2026-06-10,5,,
219 E 41st St. - Valet Garage,125362911,2026-06-11,2026-06-11,2026-06-12,5,,
50 River Dr. S - Garage,125308805,2026-06-10,2026-06-10,2026-06-11,5,,
220 E 67th St. - Valet Garage,125072018,2026-06-07,2026-06-07,2026-06-09,5,,
87 Edison Pl. - South Garage,125104359,2026-06-07,2026-06-08,2026-06-14,5,,
200 E 61st St. - Valet Garage,124617380,2026-06-02,2026-06-04,2026-06-09,5,,
86 Fleet Pl. - Garage,124278710,2026-05-28,2026-05-28,2026-06-10,5,,
200 E 61st St. - Valet Garage,125297532,2026-06-10,2026-06-10,2026-06-11,5,,
107 W 31st St - Valet (Continental/Tower 111 Garage),124791413,2026-06-04,2026-06-09,2026-06-10,5,,
2 Metrotech (100 Myrtle Ave),124656572,2026-06-02,2026-06-02,2026-06-09,5,,
103 Murray St. - (270 Greenwich Garage),124799220,2026-06-04,2026-06-04,2026-06-11,5,,
2 Journal Square Plaza - Journal Square Garage,125431872,2026-06-11,2026-06-11,2026-06-14,5,,
103 Murray St. - (270 Greenwich Garage),124945742,2026-06-06,2026-06-06,2026-06-12,5,,
3 Washington Square Village - Valet Garage,125580751,2026-06-13,2026-06-13,2026-06-14,1,,
300 Cadman Plaza West - Pierrepont Plaza - Valet Garage,125091279,2026-06-08,2026-06-08,2026-06-09,5,,
140 W 53rd St. - Valet Garage,124364062,2026-05-29,2026-05-29,2026-06-10,5,,
300 Cadman Plaza West - Pierrepont Plaza - Valet Garage,125641385,2026-06-14,2026-06-14,2026-06-14,5,,
515 E 79th St. - Valet Garage,124290572,2026-05-28,2026-05-29,2026-06-09,5,,
450 E 63rd St. - Valet (Sutton Terrace Garage),125076241,2026-06-08,2026-06-08,2026-06-09,5,,
474 Warren St. - VYV Garage,124576158,2026-06-01,2026-06-01,2026-06-11,5,,
301 E 66th St. - Valet Garage,124973588,2026-06-06,2026-06-07,2026-06-09,5,,
54 W 81st St. - American Museum Of Natural History Garage,124773685,2026-06-03,2026-06-03,2026-06-10,5,,
185 E 85th St. - Valet (Park Lane Garage),125123037,2026-06-07,2026-06-11,2026-06-11,5,,
23-25 W 55th St. - Valet Garage,123508120,2026-06-09,2026-06-09,2026-06-09,5,,
51 W 56th St. - Valet Garage,125438830,2026-06-11,2026-06-12,2026-06-13,5,,
245 E 93rd St. - Valet (Astor Terrace Garage),124970677,2026-06-06,2026-06-06,2026-06-10,5,,
51 W 56th St. - Valet Garage,125591179,2026-06-13,2026-06-14,2026-06-14,5,,
450 E 63rd St. - Valet (Sutton Terrace Garage),125569007,2026-06-13,2026-06-13,2026-06-14,5,,
38 W 46th St. - Valet Garage,124696027,2026-06-02,2026-06-02,2026-06-13,5,,
340 E 80th St. - Valet Garage,125161100,2026-06-08,2026-06-08,2026-06-10,5,,
545 E 116th St. (East River Plaza) - Garage,125217238,2026-06-09,2026-06-10,2026-06-10,5,,
424 E 53rd St. - Rivercourt Valet Garage,125001125,2026-06-06,2026-06-07,2026-06-10,5,,
219 E 41st St. - Valet Garage,124595676,2026-06-01,2026-06-01,2026-06-12,5,,
60 North End Ave. (250 Vesey) - Valet Garage,124988231,2026-06-06,2026-06-06,2026-06-11,5,,
300 W 95th St (711 West End Ave) - Valet Garage,125258912,2026-06-09,2026-06-09,2026-06-13,5,,
345 W 58th St. - Valet Garage,124610203,2026-06-03,2026-06-03,2026-06-11,1,,
200 E 61st St. - Valet Garage,124998492,2026-06-06,2026-06-06,2026-06-13,5,,
219 E 41st St. - Valet Garage,125026096,2026-06-08,2026-06-09,2026-06-10,5,,
200 E 61st St. - Valet Garage,125397382,2026-06-11,2026-06-11,2026-06-14,4,,
220 E 67th St. - Valet Garage,125180939,2026-06-08,2026-06-08,2026-06-09,5,,
55b Richmond Terrace - Empire Outlets Garage,125392317,2026-06-11,2026-06-12,2026-06-11,5,,
101 W 53rd St - Hilton Hotel Valet Garage,125100092,2026-06-07,2026-06-07,2026-06-12,5,,
25 Waterside Plaza,125221511,2026-06-09,2026-06-09,2026-06-11,5,,
137 Duffield St - 15 MetroTech Valet Garage,124818268,2026-06-04,2026-06-04,2026-06-12,5,,
25 North Blvd. (30 Newport Pkwy.) - Parkside Garage,124883624,2026-06-05,2026-06-05,2026-06-12,5,,
29-33 E 50th St. - New York Palace Valet,125285983,2026-06-10,2026-06-10,2026-06-14,5,,
30 River Ct. (1 River Dr. S) - Riverside Garage,124771957,2026-06-03,2026-06-04,2026-06-13,5,,
165 W 65th St - Valet Garage,123466199,2026-06-09,2026-06-09,2026-06-11,5,,
87 Edison Pl. - South Garage,121950161,2026-06-03,2026-06-04,2026-06-09,5,,
251 Pearl St. - Valet Lot,125492945,2026-06-13,2026-06-14,2026-06-14,5,,
140 W 51st St. - Valet Garage,125360024,2026-06-11,2026-06-11,2026-06-14,5,,
87 Edison Pl. - South Garage,124479743,2026-05-30,2026-05-31,2026-06-11,5,,
107 W 31st St - Valet (Continental/Tower 111 Garage),125069779,2026-06-07,2026-06-07,2026-06-09,5,,
87 Edison Pl. - South Garage,125534962,2026-06-13,2026-06-14,2026-06-14,5,,
123 E 53rd St. (375 Park Ave.) - Seagrams Building Valet Garage,124994112,2026-06-06,2026-06-06,2026-06-14,5,,
444 Washington Blvd. - Avalon Cove Lot,125600248,2026-06-13,2026-06-14,2026-06-14,5,,
7 W 28th St. - Valet (Drucker Lot),125184569,2026-06-11,2026-06-11,2026-06-12,5,,
513 W 180th St. (2420 Amsterdam Ave.)  - Radio Hotel Garage,125216312,2026-06-09,2026-06-09,2026-06-09,5,,
21 E 15th St. - Union Square Valet Garage,124812892,2026-06-07,2026-06-07,2026-06-09,5,,
301 W 53rd St.- Valet Garage,124461234,2026-05-30,2026-05-31,2026-06-11,5,,
38 W 46th St. - Valet Garage,125491359,2026-06-12,2026-06-12,2026-06-13,5,,
838 11th Ave (555 W 57th St) - Valet Garage (BMW Building),125493847,2026-06-12,2026-06-12,2026-06-13,5,,
258 Albany St. - Valet (200 Liberty St. Garage),124450508,2026-05-30,2026-05-31,2026-06-10,5,,
9 W 31st St. - Valet Garage,124913946,2026-06-05,2026-06-05,2026-06-09,5,,
200 Cadman Plaza West (75 Henry St. - Valet Garage),125410220,2026-06-11,2026-06-12,2026-06-13,5,,
267-271 W 47th St. - Valet Garage (Biltmore Theatre),125276725,2026-06-09,2026-06-09,2026-06-12,5,,
220 E 67th St. - Valet Garage,124473837,2026-06-11,2026-06-11,2026-06-12,5,,
103 Murray St. - (270 Greenwich Garage),125222763,2026-06-09,2026-06-09,2026-06-09,5,,
200 E 61st St. - Valet Garage,125330937,2026-06-10,2026-06-10,2026-06-11,5,,
7 W 28th St. - Valet (Drucker Lot),124939423,2026-06-05,2026-06-05,2026-06-10,5,,
480 W 13th St (28 10th Ave) - Lot,125383314,2026-06-11,2026-06-11,2026-06-12,5,,
185 E 85th St. - Valet (Park Lane Garage),125166565,2026-06-08,2026-06-08,2026-06-10,5,,
515 E 79th St. - Valet Garage,124769181,2026-06-07,2026-06-09,2026-06-10,5,,
185 E 85th St. - Valet (Park Lane Garage),125244601,2026-06-09,2026-06-11,2026-06-14,5,,
515 E 79th St. - Valet Garage,125141873,2026-06-08,2026-06-08,2026-06-12,5,,
60 North End Ave. (250 Vesey) - Valet Garage,124792980,2026-06-12,2026-06-14,2026-06-14,1,,
E 20th St. and Ave. C - Skyport Surface Lot,125476472,2026-06-12,2026-06-13,2026-06-13,3,,
4055 10th Ave. - Valet Garage,125106379,2026-06-07,2026-06-07,2026-06-10,5,,
30 Park Ln. N - The Bisby Garage,125506783,2026-06-12,2026-06-12,2026-06-14,5,,
101 W 53rd St - Hilton Hotel Valet Garage,125119448,2026-06-07,2026-06-08,2026-06-09,5,,
513 W 180th St. (2420 Amsterdam Ave.)  - Radio Hotel Garage,124943185,2026-06-08,2026-06-10,2026-06-11,5,,
137 Duffield St - 15 MetroTech Valet Garage,125201049,2026-06-09,2026-06-09,2026-06-09,5,,
120 W 21st St. - Valet Garage,124871377,2026-06-05,2026-06-06,2026-06-11,5,,
2 Journal Square Plaza - Journal Square Garage,125300492,2026-06-10,2026-06-10,2026-06-13,5,,
9 W 31st St. - Valet Garage,125410007,2026-06-11,2026-06-12,2026-06-12,4,,
29-33 E 50th St. - New York Palace Valet,125212402,2026-06-09,2026-06-09,2026-06-11,5,,
200 E 161st St. - Garage (Concourse Plaza),124877300,2026-06-05,2026-06-06,2026-06-13,5,,
2 Mall Dr. East (479 Rear Washington Blvd.) - Newport South - Garage,125529047,2026-06-12,2026-06-12,2026-06-13,5,,
200 E 161st St. - Garage (Concourse Plaza),125383305,2026-06-11,2026-06-11,2026-06-12,4,,
3 Washington Square Village - Valet Garage,125163644,2026-06-11,2026-06-12,2026-06-12,5,,
107 W 31st St - Valet (Continental/Tower 111 Garage),124862359,2026-06-08,2026-06-09,2026-06-12,1,,
129 Roosevelt Ave. (40-24 College Point Blvd.) - Skyview Mall Garage,124553819,2026-06-07,2026-06-07,2026-06-09,5,,
107 W 31st St - Valet (Continental/Tower 111 Garage),125321249,2026-06-11,2026-06-11,2026-06-12,5,,
2 McKenny St. - Panorama Valet Garage,124999518,2026-06-06,2026-06-06,2026-06-14,5,,
150 W 38th St - Valet Garage,125255976,2026-06-09,2026-06-09,2026-06-13,5,,
140 W 53rd St. - Valet Garage,125338712,2026-06-10,2026-06-11,2026-06-14,5,,
245 E 93rd St. - Valet (Astor Terrace Garage),125641127,2026-06-14,2026-06-14,2026-06-14,5,,
25 North Blvd. (30 Newport Pkwy.) - Parkside Garage,124810713,2026-06-04,2026-06-04,2026-06-14,5,,
103 Murray St. - (270 Greenwich Garage),125418898,2026-06-11,2026-06-12,2026-06-12,5,,
86 Fleet Pl. - Garage,124845847,2026-06-04,2026-06-04,2026-06-12,5,,
103 Murray St. - (270 Greenwich Garage),125422350,2026-06-11,2026-06-11,2026-06-14,5,,
670 Baltic St. (120 5th Ave.) 55 Paseo Place - Garage,124556426,2026-06-01,2026-06-01,2026-06-09,1,,
7 W 28th St. - Valet (Drucker Lot),125250565,2026-06-09,2026-06-09,2026-06-11,5,,
267-271 W 47th St. - Valet Garage (Biltmore Theatre),123160668,2026-06-09,2026-06-12,2026-06-12,5,,
340 E 80th St. - Valet Garage,124521183,2026-05-31,2026-05-31,2026-06-11,5,,
150 W 38th St - Valet Garage,125221066,2026-06-09,2026-06-09,2026-06-12,5,,
51 W 56th St. - Valet Garage,125022719,2026-06-06,2026-06-06,2026-06-10,5,,
300 Cadman Plaza West - Pierrepont Plaza - Valet Garage,125281442,2026-06-09,2026-06-10,2026-06-10,5,,
60 North End Ave. (250 Vesey) - Valet Garage,125305436,2026-06-10,2026-06-13,2026-06-14,5,,
38 W 46th St. - Valet Garage,125582680,2026-06-13,2026-06-13,2026-06-14,5,,
258 Albany St. - Valet (200 Liberty St. Garage),124815282,2026-06-04,2026-06-04,2026-06-09,5,,
258 Albany St. - Valet (200 Liberty St. Garage),125381143,2026-06-11,2026-06-11,2026-06-12,5,,
77 Park Ave - Garage,125175997,2026-06-08,2026-06-08,2026-06-10,5,,
154 E 53rd St. - Valet Garage,124651554,2026-06-02,2026-06-03,2026-06-09,5,,
90 Town Square Place - Garage,125216287,2026-06-09,2026-06-09,2026-06-10,5,,
200 E 61st St. - Valet Garage,124649922,2026-06-04,2026-06-04,2026-06-09,5,,
154 E 53rd St. - Valet Garage,125163483,2026-06-08,2026-06-08,2026-06-11,5,,
200 E 61st St. - Valet Garage,125142791,2026-06-08,2026-06-08,2026-06-09,5,,
137 Duffield St - 15 MetroTech Valet Garage,124729768,2026-06-03,2026-06-03,2026-06-11,5,,
480 W 13th St (28 10th Ave) - Lot,125210843,2026-06-10,2026-06-11,2026-06-11,5,,
137 Duffield St - 15 MetroTech Valet Garage,125466048,2026-06-12,2026-06-12,2026-06-12,5,,
103 Murray St. - (270 Greenwich Garage),125854810,2026-06-17,2026-06-17,2026-06-18,5,went off without a hitch,
9201 4th Ave. - Valet Garage,125644520,2026-06-21,2026-06-21,2026-06-22,5,"usually nyc attendants are rude but here he was really nice, had my car ready when i arrived, no issues. definitely recommend!",
2 Journal Square Plaza - Journal Square Garage,125912234,2026-06-17,2026-06-18,2026-06-18,3,the entry location for the garage have a different address and it took me additional 15 min to figure out and reach that place,
95 Shatzell Ave. - Amtrak Rhinecliff Lot,125224341,2026-06-09,2026-06-16,2026-06-18,5,"You need to start ticketing / towing vehicles that have not paid , parking lot is always near full or at capacity leaving no spots for those that have paid.",
200 E 61st St. - Valet Garage,126072182,2026-06-19,2026-06-19,2026-06-21,2,You and Metropolis continue to have problems with the attendant seeing the reservation.  he started his own.  Not the first time.,
345 W 58th St. - Valet Garage,124923335,2026-06-05,2026-06-06,2026-06-17,1,"Why do we have to fill out a whole other electronic form as you arrive and put personal information so they can honor the reservation? Plus, the address is wrong. Entrance is one street north.",
31 W 52nd St. - Valet Garage (CBS Building),125347092,2026-06-14,2026-06-14,2026-06-19,3,We reserved and paid for this parking for the Puerto Rican parade so we wouldn’t have any problems when we got there with parking at first the police we giving us a hard time to let us through to the parking I had to make them call a supervisor after that it was pretty smooth.,
474 Warren St. - VYV Garage,125638087,2026-06-18,2026-06-18,2026-06-18,5,"We parked here for the Knicks parade and had a great experience. The garage is conveniently located near the PATH train, which we took to the WTC. Even though it was busy, there were still plenty of available spaces. The parking process was smooth, as well as entry and exit. Everything was easy, convenient, and hassle-free. We’d definitely park here again.",
55b Richmond Terrace - Empire Outlets Garage,125943638,2026-06-18,2026-06-19,2026-06-19,1,We circled for an hour. Please refund.,
200 Cadman Plaza West (75 Henry St. - Valet Garage),125761839,2026-06-18,2026-06-18,2026-06-20,2,Was told that our reservation was no longer valid. That I should have call them to confirm our reservation. After back and forward arguing they gave us our spot. I reserved the spot 2 days before and was coming in for the NY Knicks parade. I think they wanted to get more money for my spot and wanted us to hold the bag.,
9201 4th Ave. - Valet Garage,125547087,2026-06-13,2026-06-13,2026-06-20,1,Was closed,
77 Park Ave - Garage,125807612,2026-06-17,2026-06-17,2026-06-18,3,Very tight spots,
480 W 13th St (28 10th Ave) - Lot,125814781,2026-06-16,2026-06-16,2026-06-20,1,Very rude and aggressive attendant. I was very uncomfortable dealing with him,
4 E 72nd St - 910 5th Ave Building - Valet Garage,125764630,2026-06-16,2026-06-16,2026-06-17,5,"Very professional, fast, responsive #bestparkinglot",
219 E 41st St. - Valet Garage,125776599,2026-06-16,2026-06-16,2026-06-17,1,Very poor service today.  Usually service is great from John,
200 Cadman Plaza West (75 Henry St. - Valet Garage),125903555,2026-06-17,2026-06-18,2026-06-18,5,Very helpful parking attendants,
200 E 61st St. - Valet Garage,125812870,2026-06-16,2026-06-16,2026-06-16,5,Very friendly staff!,
9201 4th Ave. - Valet Garage,126062389,2026-06-19,2026-06-19,2026-06-20,5,Very friendly attendant!,
154 E 53rd St. - Valet Garage,125978321,2026-06-19,2026-06-19,2026-06-19,5,Very easy. Friendly staff,
200 E 161st St. - Garage (Concourse Plaza),125884446,2026-06-17,2026-06-17,2026-06-18,1,Unable to park due to police presence leading to the garage. We parked elsewhere and spent an additional $40 right next to the baseball bat. We will not select this location again when we attend a Yankee baseball game.,
18-20 Morton St. - Valet Garage,126061899,2026-06-19,2026-06-19,2026-06-20,5,This place is great. The staff are friendly and welcoming. I wouldn’t hesitate to park here again. Thank you for the excellent service.,
450 E 63rd St. - Valet (Sutton Terrace Garage),125905442,2026-06-17,2026-06-18,2026-06-18,5,"This garage was great! Very nice attendants and a smooth, easy experience.",
450 E 63rd St. - Valet (Sutton Terrace Garage),125733396,2026-06-15,2026-06-16,2026-06-17,5,This garage does everything via text - the drop off and pick up were very very easy and quick.,
150 W 38th St - Valet Garage,125838371,2026-06-18,2026-06-19,2026-06-20,3,They do not valet your car.,
150 W 38th St - Valet Garage,125724206,2026-06-15,2026-06-15,2026-06-19,4,The workers were very pleasant and helpful . My only complaint is that we had to park on the 5th floor and the elevator was out of order. It was a bit much to get two small children down and up the several flights of stairs.,
219 E 41st St. - Valet Garage,125811841,2026-06-16,2026-06-16,2026-06-16,5,The staff is always amazing!  Extremely attentive and friendly.,
150 W 38th St - Valet Garage,125714326,2026-06-15,2026-06-15,2026-06-16,5,The parking attendant was very helpful in suggesting that I download the app and then assisting me to load it in my phone. Super patient!,
54 W 81st St. - American Museum Of Natural History Garage,126215670,2026-06-21,2026-06-21,2026-06-21,5,The only thing that I wish was more clear was where the turn into the lot is located. Everything else was perfect.,
424 E 53rd St. - Rivercourt Valet Garage,125783189,2026-06-16,2026-06-16,2026-06-17,1,The lot was full so I am awaiting a refund,
9201 4th Ave. - Valet Garage,125941105,2026-06-18,2026-06-18,2026-06-18,1,The hours listed on the website said it was open 24 hours. When I arrived the garage was closed and the sign said it did not open until 7am. I was unable to park at this location despite paying in advance.,
2 McKenny St. - Panorama Valet Garage,126219038,2026-06-21,2026-06-21,2026-06-21,5,The guy working at the garage this morning was really nice,
87 Edison Pl. - South Garage,124373422,2026-06-19,2026-06-19,2026-06-20,2,"The garage I reserved was owned by Metropolis. At the end of the event, there was a long line of cars attempting to leave the garage, but couldn't because the automatic gate was not working. An attendant showed up to help, this attendant explained that the reservations made online did not make it into the Metropolis system. I needed to call customer service (Metropolis) to gate the gate lifted, as did many other cars. I now risk getting charged again if I don't forward my reservation to Metropo",
140 W 51st St. - Valet Garage,124841610,2026-06-16,2026-06-17,2026-06-17,5,The attendant was fantastic. Felt like we were parking with a luxury hotel.  Thank you!!,
204 E 80th St. - Valet (SFG Garage),126043651,2026-06-19,2026-06-19,2026-06-20,5,The attendant here could not be more pleasant!,
103 Murray St. - (270 Greenwich Garage),125430674,2026-06-11,2026-06-12,2026-06-20,3,The app said there was Ev charging which was not the case,
80 W 28th St. - Aston Valet Garage,125850608,2026-06-18,2026-06-18,2026-06-19,5,"Tha attendant at this garage was wonderful. The garage has no railing to help older people climb the steep ramp. One should be installed. But the attendant noticed that we had trouble navigating the ramp, and when we called for our car, he brought it up to the entrance at the top of the ramp. Five stars!!",
107 W 31st St - Valet (Continental/Tower 111 Garage),126198760,2026-06-20,2026-06-21,2026-06-21,1,Takes long time to get the vehicle. Attendant was rude due to his confusion about dates and check in time.,
185 E 85th St. - Valet (Park Lane Garage),125966732,2026-06-18,2026-06-18,2026-06-20,5,Staff was very helpful,
140 W 51st St. - Valet Garage,125611231,2026-06-13,2026-06-14,2026-06-16,5,Staff was awesome here!,
7 W 28th St. - Valet (Drucker Lot),126078474,2026-06-19,2026-06-20,2026-06-20,1,Sent us to another parking garage even though they had space. Seems like they didnt want discounted parking,
77 Park Ave - Garage,126047810,2026-06-20,2026-06-20,2026-06-21,5,"Self-park should be indicated somewhere. Otherwise, it was good, no fuss parking!",
55b Richmond Terrace - Empire Outlets Garage,125926268,2026-06-18,2026-06-19,2026-06-20,1,"Reserved day before. Drove 40 minutes to the garage, scanned code and drove around garage for 30 mins looking for a space and there was none and left. Probably not the optimal experience. Don’t reserve spots if you don’t have a way of monitoring parking spaces available.",
55b Richmond Terrace - Empire Outlets Garage,125637048,2026-06-14,2026-06-15,2026-06-17,1,QR code reader did not work.  I had to get a ticket and pay for parkind. Help person could not help me. As a result i paid twice.,
200 E 161st St. - Garage (Concourse Plaza),125903280,2026-06-17,2026-06-17,2026-06-17,1,"Poorly explained onnl how to use spot hero voucher. When exiting , my credit card was charged.",
219 E 41st St. - Valet Garage,125885559,2026-06-17,2026-06-17,2026-06-17,5,Please adjust address on SpotHero to reflect the actual address. I drive around the block looking for the wrong number.,
470 Dean St. (215 Flatbush Ave.) - Valet,125649337,2026-06-14,2026-06-14,2026-06-16,3,Picked up my car as the attendent’s shift was ending. Some confusion delaying getting my car. No significant delay.,
90 Town Square Place - Garage,125479753,2026-06-12,2026-06-13,2026-06-16,4,"Overall very easy to use this lot, which is next door to the Path Train station. Price for parking is very reasonable for the area and I will definitely use it again. The only downside is you have to be a compact or smaller car because it's a tighter space. I saw a truck having to back out because they were just over the clearance rail. Otherwise great parking option for Newport.",
106 W 30th St. - Kimpton Hotel Eventi Garage,126006858,2026-06-19,2026-06-20,2026-06-21,2,On the App it says $33 a space but it’s really $54,
204 E 80th St. - Valet (SFG Garage),125822666,2026-06-16,2026-06-17,2026-06-17,1,Not a good way to run a business.  Charge a customer for parking that they are rejected at!,
150 W 90th St. (189 W 89th St.) - Garage,125629619,2026-06-14,2026-06-14,2026-06-16,5,"No problems at all. Excellent proximity to the MET (25 min walk) and the street festivals on Amsterdam. The staff were very professional. If you don't see anyone when you pull up, be patient, just say ""hello"" and the agent will appear.",
204 E 80th St. - Valet (SFG Garage),125730565,2026-06-16,2026-06-16,2026-06-17,4,Need to download the garage app to pick up car,
480 W 13th St (28 10th Ave) - Lot,125638260,2026-06-18,2026-06-19,2026-06-21,3,"Mediocre service.  When dropping off the guy was unclear.  Picking up, the guy sat in the booth with all the lights off.  So I was standing in the parking lot looking around, waiting since I ""ordered"" my car and such.  After a while I started up to the booth then he flipped on the lights.",
150 W 38th St - Valet Garage,125551366,2026-06-13,2026-06-15,2026-06-16,2,"It's a very different parking experience than any other in NYC.  I self parked, kept my key since I wasn't blocking anyone else in.  Had to walk up/down 5 floors since the elevator was out of order.  When I picked up my car, I had to walk up/down/back up cuz someone was blocking my car in and the attendant was on the first floor.  Looks good on the ground floor but MUCH different after that.  The attendant was very nice.",
258 Albany St. - Valet (200 Liberty St. Garage),125074420,2026-06-07,2026-06-07,2026-06-17,5,It was nice being able to reserve our parking spot online. The directions and spot were close to our destination.,
38 W 46th St. - Valet Garage,125878337,2026-06-17,2026-06-17,2026-06-18,4,It was fine but it took so long for them to bring my car down.,
9201 4th Ave. - Valet Garage,126087365,2026-06-19,2026-06-20,2026-06-20,1,"In order to release my car, Garage tried to make me download another app which was tied to my credit card.   I believe this was some sort of a phishing scheme.",
219 E 41st St. - Valet Garage,125730154,2026-06-16,2026-06-16,2026-06-18,2,I was overcharged for getting to a spot 15 minutes early I was unawareof this until  I saw the bill.  No on told me I  was too early but I was charged overr $70.00.,
150 W 90th St. (189 W 89th St.) - Garage,125943397,2026-06-18,2026-06-18,2026-06-19,1,I reserved on spot hero and then was told they were full and I needed to figure out how to get a refund,
513 W 180th St. (2420 Amsterdam Ave.)  - Radio Hotel Garage,126039226,2026-06-19,2026-06-19,2026-06-20,1,"I pre paid and they said I couldn't park there, it was full",
107 W 31st St - Valet (Continental/Tower 111 Garage),125045217,2026-06-06,2026-06-07,2026-06-19,2,"I made a reservation. When I arrived, the entrance was blocked because there were only 2 people working. The place was oversold and there was a line of cars parked along the street waiting to get in. Despite being on time for my reservation, I waited 40 minutes to get into the lot and missed my dinner reservation. I spent 2 hours driving into NY, just to be inconvenienced and stressed from the experience. SO disappointed. Worst spot hero experience to date.",
245 E 93rd St. - Valet (Astor Terrace Garage),125978465,2026-06-18,2026-06-18,2026-06-19,5,"I love this place. Stop asking me. The staff at Astor is excellent. The staff at your ""rate my service"" office is getting on my nerves.",
60 E 12th St. - Valet Garage,126140481,2026-06-20,2026-06-20,2026-06-21,5,I had to go into the City for a family event in the east Village and dreaded having to hunt for a parking space so I used the Spot Hero app to search for and book a spot at a nearby parking garage (Valet Garage). It was super easy to reserve and to find. I had absolutely no issues and the price was totally reasonable for NYC. Both attendants I dealt with where gentlemen. I definitely recommend both Spot Hero and Valet Garage on East 12 St.,
220 E 67th St. - Valet Garage,125946272,2026-06-18,2026-06-18,2026-06-20,2,I had put in the type of car at the reservation and was told I still had to pay $15 more for oversized!,
20 W 13th St. - Valet Garage,125945212,2026-06-20,2026-06-20,2026-06-20,1,I don’t understand why I was made to provide my email and phone number just to park there if I made a reservation and paid through Spot hero. Now they are also texting my work number which I didn’t provide and sending me marketing stuff. I wasn’t able to get my car out unless I provided the information through a “link”. It’s fraudulent and an invasion of privacy. I will never return there and am considering lodging a formal complaint.,
258 Albany St. - Valet (200 Liberty St. Garage),125963516,2026-06-18,2026-06-19,2026-06-20,1,I contact  you alot to refund my money as the police closed all the streets that can let me reach and you didnt respond till now,
9201 4th Ave. - Valet Garage,125845399,2026-06-19,2026-06-20,2026-06-20,1,Hours are incorrect. Garage is listed as 24hrs and my parking pass was until 1am but they said they close at 11pm,
480 W 13th St (28 10th Ave) - Lot,125640399,2026-06-14,2026-06-14,2026-06-16,2,Have to sign up for an account with email when you arrive,
219 E 41st St. - Valet Garage,125934903,2026-06-18,2026-06-18,2026-06-19,2,"Hard to find, entrance is behind a partial brick wall.  There is only one lane IN and OUT of the garage. Very hazardous for pedestrians walking in or out of the garage, and vehicles driving in or out of the garage. NOT SAFE!  Accident waiting to happen",
165 W 65th St - Valet Garage,125890942,2026-06-20,2026-06-20,2026-06-21,5,Greeted me by name and was very kind and respectful.,
474 Warren St. - VYV Garage,123978230,2026-06-13,2026-06-18,2026-06-18,5,"Great option for parking while visiting Manhattan, clean facility, but on our way in from PATH train we could not find the elevator.  Overall great experience.",
245 E 93rd St. - Valet (Astor Terrace Garage),126044548,2026-06-20,2026-06-20,2026-06-21,5,Great job. These folks know how to run a business.,
129 Roosevelt Ave. (40-24 College Point Blvd.) - Skyview Mall Garage,124846929,2026-06-17,2026-06-17,2026-06-19,3,Getting in the parking lot doesn't guarantee you a parking spot. We had to go round and round in the parking lot till we found a spot to park in.,
140 W 53rd St. - Valet Garage,126036967,2026-06-19,2026-06-19,2026-06-19,1,Garaged charged me an additional $60,
340 E 80th St. - Valet Garage,125891291,2026-06-17,2026-06-17,2026-06-19,5,Five stars for  garage service. Zero for app. Even though I got confirmation email that I changed the date  the app would not read the scan. I had to pay the regular garage price — almost double.,
5 Bay St. - Lighthouse Point Garage,125863343,2026-06-18,2026-06-18,2026-06-19,1,Exit issue,
515 E 79th St. - Valet Garage,125541605,2026-06-13,2026-06-16,2026-06-17,5,"Excellent parking location. Staff while professional, they are also friendly. Very prompt in taking in my car and getting it out of the garage. They even helped me unload items.",
4650 Broadway - Valet Garage,126049290,2026-06-19,2026-06-19,2026-06-21,4,Entrance was blocked and you could not pull in until they made space so we  sat for awhile waiting. There was signage telling us what to do.,
106 W 30th St. - Kimpton Hotel Eventi Garage,126045844,2026-06-20,2026-06-21,2026-06-21,5,Easy in and out. No games on pricing. We'll use this place again.,
25 North Blvd. (30 Newport Pkwy.) - Parkside Garage,125006703,2026-06-06,2026-06-06,2026-06-17,1,Did not accept spot hero and now charging me late fees!!! Otherwise entry exit was smooth,
301 E 66th St. - Valet Garage,125366734,2026-06-14,2026-06-14,2026-06-16,1,Damage to my car. I came back after work to find my car was damaged and staff was not helpful,
25 New St. (609 Broad St.) - Garage,125900662,2026-06-18,2026-06-18,2026-06-18,4,Closes too early,
200 E 161st St. - Garage (Concourse Plaza),125818345,2026-06-16,2026-06-16,2026-06-17,2,Close proximity to Yankee Stadium but there were no instructions about what to do when you arrive. It’s a shopping center parking lot with a garage underneath it.  Where does one park when using SpotHero? I went down to the garage but I think that was wrong. Still don’t know where to park there.,
444 Washington Blvd. - Avalon Cove Lot,125787021,2026-06-16,2026-06-16,2026-06-18,3,Close parking between cars,
55 Central Ave. (60 Bay St.) - Garage,125943940,2026-06-18,2026-06-18,2026-06-18,1,Business had been closed for a long time.,
60 W 66th St. (2 Lincoln Plaza) - Valet Garage,123701179,2026-06-18,2026-06-19,2026-06-19,4,Better elevator service.  Hard to locate and confusing to find the exit.,
100 Lenox Road - 100 Lenox Rd Parking Corp Garage,125972790,2026-06-18,2026-06-18,2026-06-20,5,Attendant was very helpful and clear with instructions and details,
200 E 161st St. - Garage (Concourse Plaza),123780248,2026-06-18,2026-06-18,2026-06-19,5,Always good to park here.,
240 E 47th St. - Garage,125977676,2026-06-19,2026-06-19,2026-06-19,1,"24/7 parking garage. Arrived at rsvp time 4:30am, completely shutdown for a 15 hour reservation.",
140 W 51st St. - Valet Garage,125905370,2026-06-18,2026-06-18,2026-06-18,5,,
200 E 161st St. - Garage (Concourse Plaza),125991593,2026-06-18,2026-06-18,2026-06-19,5,,
150 W 38th St - Valet Garage,126062954,2026-06-19,2026-06-19,2026-06-20,3,,
123 E 53rd St. (375 Park Ave.) - Seagrams Building Valet Garage,125759631,2026-06-20,2026-06-20,2026-06-21,5,,
51 W 56th St. - Valet Garage,126037920,2026-06-19,2026-06-19,2026-06-21,5,,
38 W 46th St. - Valet Garage,125741931,2026-06-15,2026-06-16,2026-06-17,5,,
258 Albany St. - Valet (200 Liberty St. Garage),125860496,2026-06-17,2026-06-17,2026-06-19,5,,
38 W 46th St. - Valet Garage,126121835,2026-06-20,2026-06-20,2026-06-21,5,,
90 Town Square Place - Garage,125679615,2026-06-16,2026-06-17,2026-06-17,5,,
219 E 41st St. - Valet Garage,125945893,2026-06-18,2026-06-18,2026-06-20,5,,
345 W 58th St. - Valet Garage,124652267,2026-06-02,2026-06-02,2026-06-16,5,,
137 Duffield St - 15 MetroTech Valet Garage,125673135,2026-06-15,2026-06-15,2026-06-16,5,,
200 Cadman Plaza West (75 Henry St. - Valet Garage),125692777,2026-06-15,2026-06-15,2026-06-16,4,,
470 Dean St. (215 Flatbush Ave.) - Valet,123761224,2026-06-14,2026-06-14,2026-06-16,5,,
219 E 41st St. - Valet Garage,125923275,2026-06-18,2026-06-18,2026-06-19,5,,
29-33 E 50th St. - New York Palace Valet,125866418,2026-06-17,2026-06-17,2026-06-19,5,,
140 W 53rd St. - Valet Garage,125125946,2026-06-08,2026-06-11,2026-06-17,5,,
480 W 13th St (28 10th Ave) - Lot,126248585,2026-06-21,2026-06-21,2026-06-21,5,,
140 W 53rd St. - Valet Garage,125355165,2026-06-10,2026-06-11,2026-06-19,5,,
140 W 53rd St. - Valet Garage,125815091,2026-06-16,2026-06-16,2026-06-16,5,,
515 E 79th St. - Valet Garage,125887555,2026-06-17,2026-06-17,2026-06-19,5,,
E 20th St. and Ave. C - Skyport Surface Lot,125839900,2026-06-20,2026-06-20,2026-06-21,5,,
538 E 85th St. (110 East End Ave.) - Valet Garage,125719490,2026-06-15,2026-06-15,2026-06-16,5,,
138-20 39th Ave. - Flushing Commons South Garage,125592480,2026-06-13,2026-06-13,2026-06-18,5,,
87 Edison Pl. - South Garage,125375054,2026-06-11,2026-06-11,2026-06-18,5,,
50 River Dr. S - Garage,125714045,2026-06-16,2026-06-16,2026-06-21,5,,
87 Edison Pl. - South Garage,126016013,2026-06-19,2026-06-19,2026-06-19,1,,
106 W 30th St. - Kimpton Hotel Eventi Garage,126047571,2026-06-19,2026-06-19,2026-06-20,5,,
4650 Broadway - Valet Garage,125115344,2026-06-07,2026-06-08,2026-06-17,5,,
80 W 28th St. - Aston Valet Garage,125813913,2026-06-16,2026-06-16,2026-06-17,5,,
60 E 12th St. - Valet Garage,125966363,2026-06-18,2026-06-18,2026-06-21,5,,
150 W 38th St - Valet Garage,125517611,2026-06-12,2026-06-13,2026-06-20,4,,
120 W 21st St. - Valet Garage,125926024,2026-06-18,2026-06-19,2026-06-19,5,,
18-20 Morton St. - Valet Garage,125718276,2026-06-15,2026-06-15,2026-06-17,5,,
150 W 38th St - Valet Garage,125325231,2026-06-16,2026-06-16,2026-06-18,5,,
154 E 53rd St. - Valet Garage,125045728,2026-06-08,2026-06-08,2026-06-18,5,,
150 W 38th St - Valet Garage,125992522,2026-06-20,2026-06-20,2026-06-21,5,,
219 E 41st St. - Valet Garage,125360319,2026-06-11,2026-06-11,2026-06-17,5,,
103 Murray St. - (270 Greenwich Garage),125459393,2026-06-12,2026-06-13,2026-06-16,5,,
219 E 41st St. - Valet Garage,125730728,2026-06-15,2026-06-15,2026-06-16,5,,
7 W 28th St. - Valet (Drucker Lot),125709610,2026-06-19,2026-06-20,2026-06-21,5,,
219 E 41st St. - Valet Garage,125819869,2026-06-16,2026-06-17,2026-06-19,5,,
7 W 28th St. - Valet (Drucker Lot),125795300,2026-06-16,2026-06-16,2026-06-17,5,,
219 E 41st St. - Valet Garage,125865881,2026-06-17,2026-06-17,2026-06-18,5,,
185 E 85th St. - Valet (Park Lane Garage),125665364,2026-06-14,2026-06-15,2026-06-19,4,,
219 E 41st St. - Valet Garage,126081833,2026-06-20,2026-06-20,2026-06-21,5,,
345 W 58th St. - Valet Garage,125087673,2026-06-10,2026-06-11,2026-06-17,3,,
2 McKenny St. - Panorama Valet Garage,126225380,2026-06-21,2026-06-21,2026-06-21,5,,
345 W 58th St. - Valet Garage,126098943,2026-06-20,2026-06-20,2026-06-21,5,,
25 North Blvd. (30 Newport Pkwy.) - Parkside Garage,125728348,2026-06-17,2026-06-17,2026-06-20,5,,
154 E 53rd St. - Valet Garage,125497400,2026-06-12,2026-06-12,2026-06-17,5,,
538 E 85th St. (110 East End Ave.) - Valet Garage,125710012,2026-06-15,2026-06-15,2026-06-18,5,,
55b Richmond Terrace - Empire Outlets Garage,125646309,2026-06-14,2026-06-15,2026-06-19,5,,
87 Edison Pl. - South Garage,125241461,2026-06-16,2026-06-17,2026-06-17,5,,
100 Warren St. - Portside Towers Garage,125960693,2026-06-18,2026-06-18,2026-06-18,5,,
87 Edison Pl. - South Garage,125733580,2026-06-15,2026-06-16,2026-06-17,5,,
25 North Blvd. (30 Newport Pkwy.) - Parkside Garage,126169295,2026-06-20,2026-06-20,2026-06-21,5,,
100 Christopher Columbus Dr. - Grove Pointe Garage,125453274,2026-06-12,2026-06-12,2026-06-21,5,,
444 Washington Blvd. - Avalon Cove Lot,126022844,2026-06-19,2026-06-19,2026-06-20,5,,
101 Worth St. - Valet (Foley Square Garage),125907259,2026-06-17,2026-06-18,2026-06-18,5,,
54 W 81st St. - American Museum Of Natural History Garage,126038162,2026-06-19,2026-06-19,2026-06-21,5,,
60 North End Ave. (250 Vesey) - Valet Garage,126038209,2026-06-19,2026-06-19,2026-06-19,5,,
120 W 21st St. - Valet Garage,126037300,2026-06-19,2026-06-19,2026-06-19,5,,
200 Cadman Plaza West (75 Henry St. - Valet Garage),125485634,2026-06-12,2026-06-12,2026-06-16,5,,
220 E 65th St. - Valet (Concorde Garage),125940830,2026-06-18,2026-06-18,2026-06-18,5,,
200 Cadman Plaza West (75 Henry St. - Valet Garage),125530628,2026-06-13,2026-06-14,2026-06-21,5,,
103 Murray St. - (270 Greenwich Garage),124988786,2026-06-06,2026-06-06,2026-06-20,5,,
474 Warren St. - VYV Garage,125777944,2026-06-16,2026-06-16,2026-06-18,5,,
103 Murray St. - (270 Greenwich Garage),125986885,2026-06-18,2026-06-19,2026-06-19,5,,
150 W 90th St. (189 W 89th St.) - Garage,125903176,2026-06-17,2026-06-17,2026-06-18,5,,
21 E 15th St. - Union Square Valet Garage,126037586,2026-06-19,2026-06-19,2026-06-20,5,,
100 Christopher Columbus Dr. - Grove Pointe Garage,125769027,2026-06-16,2026-06-17,2026-06-21,5,,
185 E 85th St. - Valet (Park Lane Garage),125845588,2026-06-17,2026-06-17,2026-06-18,5,,
54 W 81st St. - American Museum Of Natural History Garage,125206043,2026-06-18,2026-06-18,2026-06-19,5,,
60 North End Ave. (250 Vesey) - Valet Garage,124614511,2026-06-04,2026-06-04,2026-06-16,5,,
106 W 30th St. - Kimpton Hotel Eventi Garage,125102122,2026-06-13,2026-06-15,2026-06-17,5,,
77 Park Ave - Garage,125829191,2026-06-16,2026-06-16,2026-06-18,5,,
80 W 28th St. - Aston Valet Garage,125901554,2026-06-17,2026-06-17,2026-06-18,5,,
345 W 58th St. - Valet Garage,125819338,2026-06-16,2026-06-16,2026-06-16,5,,
200 E 161st St. - Garage (Concourse Plaza),125309689,2026-06-10,2026-06-10,2026-06-16,4,,
219 E 41st St. - Valet Garage,125586055,2026-06-13,2026-06-14,2026-06-20,5,,
200 E 161st St. - Garage (Concourse Plaza),125758940,2026-06-16,2026-06-16,2026-06-16,5,,
240 E 47th St. - Garage,125370943,2026-06-10,2026-06-13,2026-06-18,5,,
107 W 31st St - Valet (Continental/Tower 111 Garage),125571416,2026-06-13,2026-06-14,2026-06-21,5,,
300 W 95th St (711 West End Ave) - Valet Garage,126038888,2026-06-19,2026-06-19,2026-06-19,5,,
150 W 38th St - Valet Garage,126168357,2026-06-20,2026-06-20,2026-06-20,5,,
300 W 95th St (711 West End Ave) - Valet Garage,126088971,2026-06-20,2026-06-20,2026-06-21,5,,
18-20 Morton St. - Valet Garage,126061887,2026-06-19,2026-06-19,2026-06-20,5,,
60 W 66th St. (2 Lincoln Plaza) - Valet Garage,125916065,2026-06-18,2026-06-18,2026-06-19,5,,
20 W 13th St. - Valet Garage,126033817,2026-06-19,2026-06-19,2026-06-21,5,,
39 E 29th St - Valet Garage,125811593,2026-06-16,2026-06-16,2026-06-17,5,,
424 E 53rd St. - Rivercourt Valet Garage,125795613,2026-06-16,2026-06-16,2026-06-16,5,,
25 Waterside Plaza,125692784,2026-06-15,2026-06-15,2026-06-16,5,,
60 North End Ave. (250 Vesey) - Valet Garage,125802242,2026-06-16,2026-06-17,2026-06-18,5,,
E 20th St. and Ave. C - Skyport Surface Lot,125549579,2026-06-13,2026-06-14,2026-06-16,5,,
154 E 53rd St. - Valet Garage,125929600,2026-06-18,2026-06-18,2026-06-19,5,,
25 North Blvd. (30 Newport Pkwy.) - Parkside Garage,125646735,2026-06-14,2026-06-18,2026-06-18,5,,
200 E 61st St. - Valet Garage,124998019,2026-06-06,2026-06-06,2026-06-17,5,,
87 Edison Pl. - South Garage,125286985,2026-06-12,2026-06-15,2026-06-16,5,,
470 Dean St. (215 Flatbush Ave.) - Valet,124978302,2026-06-06,2026-06-07,2026-06-17,5,,
87 Edison Pl. - South Garage,125636471,2026-06-14,2026-06-15,2026-06-16,5,,
8898 56th Ave. (88-01 Queens Blvd.) - Queens Place Garage,125173577,2026-06-08,2026-06-08,2026-06-19,5,,
301 W 53rd St.- Valet Garage,125736793,2026-06-15,2026-06-16,2026-06-18,5,,
561 Washington Blvd - Newport North Garage,125467295,2026-06-12,2026-06-12,2026-06-17,5,,
80 W 28th St. - Aston Valet Garage,125297973,2026-06-10,2026-06-10,2026-06-17,5,,
50 River Dr. S - Garage,125878696,2026-06-18,2026-06-18,2026-06-19,5,,
267-271 W 47th St. - Valet Garage (Biltmore Theatre),125887181,2026-06-17,2026-06-17,2026-06-17,5,,
25 North Blvd. (30 Newport Pkwy.) - Parkside Garage,125708619,2026-06-15,2026-06-15,2026-06-16,5,,
107 W 31st St - Valet (Continental/Tower 111 Garage),125854559,2026-06-17,2026-06-17,2026-06-21,5,,
87 Edison Pl. - South Garage,125830554,2026-06-16,2026-06-17,2026-06-20,5,,
245 E 93rd St. - Valet (Astor Terrace Garage),125977574,2026-06-19,2026-06-19,2026-06-20,5,,
150 W 90th St. (189 W 89th St.) - Garage,125842701,2026-06-17,2026-06-18,2026-06-18,5,,
51 W 56th St. - Valet Garage,125778357,2026-06-16,2026-06-16,2026-06-18,5,,
100 Christopher Columbus Dr. - Grove Pointe Garage,125782072,2026-06-16,2026-06-16,2026-06-20,5,,
219 E 41st St. - Valet Garage,126020422,2026-06-19,2026-06-19,2026-06-19,5,,
120 W 21st St. - Valet Garage,124567833,2026-06-04,2026-06-04,2026-06-16,5,,
220 E 67th St. - Valet Garage,125678652,2026-06-15,2026-06-15,2026-06-17,5,,
9 W 31st St. - Valet Garage,125345848,2026-06-10,2026-06-11,2026-06-18,5,,
2 Metrotech (100 Myrtle Ave),125853890,2026-06-17,2026-06-18,2026-06-21,5,,
220 E 65th St. - Valet (Concorde Garage),125876328,2026-06-17,2026-06-19,2026-06-19,5,,
480 W 13th St (28 10th Ave) - Lot,124897972,2026-06-05,2026-06-05,2026-06-19,5,,
150 W 38th St - Valet Garage,125913811,2026-06-17,2026-06-18,2026-06-18,5,,
140 W 53rd St. - Valet Garage,126086458,2026-06-19,2026-06-19,2026-06-19,5,,
7 W 28th St. - Valet (Drucker Lot),126078147,2026-06-19,2026-06-20,2026-06-21,1,,
25 North Blvd. (30 Newport Pkwy.) - Parkside Garage,125722098,2026-06-15,2026-06-15,2026-06-17,5,,
101 Worth St. - Valet (Foley Square Garage),126131442,2026-06-20,2026-06-21,2026-06-21,1,,
87 Edison Pl. - South Garage,125805523,2026-06-16,2026-06-17,2026-06-17,5,,
450 E 63rd St. - Valet (Sutton Terrace Garage),125860959,2026-06-17,2026-06-17,2026-06-18,5,,
81 Fleet Pl. - Garage,126026423,2026-06-18,2026-06-19,2026-06-22,5,,
301 E 66th St. - Valet Garage,125554410,2026-06-13,2026-06-13,2026-06-16,5,,
120 W 21st St. - Valet Garage,125348272,2026-06-10,2026-06-11,2026-06-18,5,,
51 W 56th St. - Valet Garage,125640863,2026-06-14,2026-06-14,2026-06-20,5,,
200 E 161st St. - Garage (Concourse Plaza),126187901,2026-06-21,2026-06-21,2026-06-21,5,,
345 W 58th St. - Valet Garage,125580714,2026-06-13,2026-06-16,2026-06-18,5,,
150 W 38th St - Valet Garage,125812928,2026-06-16,2026-06-16,2026-06-18,5,,
219 E 41st St. - Valet Garage,124705008,2026-06-02,2026-06-03,2026-06-16,5,,
545 E 116th St. (East River Plaza) - Garage,125684642,2026-06-15,2026-06-15,2026-06-18,5,,
200 E 61st St. - Valet Garage,125835234,2026-06-17,2026-06-17,2026-06-18,5,,
4 E 72nd St - 910 5th Ave Building - Valet Garage,125894670,2026-06-17,2026-06-17,2026-06-17,1,,
480 W 13th St (28 10th Ave) - Lot,125241445,2026-06-09,2026-06-09,2026-06-17,5,,
165 W 65th St - Valet Garage,124814801,2026-06-04,2026-06-04,2026-06-16,5,,
140 W 53rd St. - Valet Garage,125341238,2026-06-10,2026-06-10,2026-06-20,5,,
60 W 66th St. (2 Lincoln Plaza) - Valet Garage,125676824,2026-06-16,2026-06-16,2026-06-17,5,,
E 20th St. and Ave. C - Skyport Surface Lot,125076368,2026-06-07,2026-06-08,2026-06-18,5,,
2 McKenny St. - Panorama Valet Garage,124708774,2026-06-19,2026-06-19,2026-06-20,5,,
444 Washington Blvd. - Avalon Cove Lot,125775741,2026-06-16,2026-06-16,2026-06-17,5,,
2 McKenny St. - Panorama Valet Garage,126240864,2026-06-21,2026-06-21,2026-06-21,4,,
106 W 30th St. - Kimpton Hotel Eventi Garage,125413673,2026-06-11,2026-06-12,2026-06-17,5,,
87 Edison Pl. - South Garage,125770790,2026-06-16,2026-06-17,2026-06-19,5,,
107 W 31st St - Valet (Continental/Tower 111 Garage),125728396,2026-06-15,2026-06-15,2026-06-17,5,,
140 W 51st St. - Valet Garage,125646016,2026-06-16,2026-06-16,2026-06-17,5,,
245 E 93rd St. - Valet (Astor Terrace Garage),126075027,2026-06-20,2026-06-20,2026-06-21,1,,
185 E 85th St. - Valet (Park Lane Garage),125552318,2026-06-13,2026-06-16,2026-06-17,5,,
245 E 93rd St. - Valet (Astor Terrace Garage),126081349,2026-06-19,2026-06-20,2026-06-20,5,,
51 W 56th St. - Valet Garage,125978270,2026-06-18,2026-06-19,2026-06-20,5,,
51 W 56th St. - Valet Garage,125645876,2026-06-14,2026-06-14,2026-06-18,5,,
38 W 46th St. - Valet Garage,126038324,2026-06-19,2026-06-19,2026-06-21,5,,
200 E 61st St. - Valet Garage,125162107,2026-06-08,2026-06-08,2026-06-16,5,,
345 W 58th St. - Valet Garage,125599852,2026-06-13,2026-06-13,2026-06-20,5,,
165 W 65th St - Valet Garage,125693939,2026-06-15,2026-06-15,2026-06-16,5,,
470 Dean St. (215 Flatbush Ave.) - Valet,124631827,2026-06-12,2026-06-13,2026-06-21,5,,
60 W 66th St. (2 Lincoln Plaza) - Valet Garage,124867841,2026-06-05,2026-06-06,2026-06-18,5,,
333 Schermerhorn St. - Valet Garage,125588553,2026-06-19,2026-06-21,2026-06-21,5,,
39 E 29th St - Valet Garage,125637271,2026-06-14,2026-06-14,2026-06-16,5,,
55b Richmond Terrace - Empire Outlets Garage,125951570,2026-06-18,2026-06-19,2026-06-19,5,,
3711 138th St. - Flushing Commons Lot,125743669,2026-06-16,2026-06-16,2026-06-16,5,,
129 Roosevelt Ave. (40-24 College Point Blvd.) - Skyview Mall Garage,126014250,2026-06-18,2026-06-19,2026-06-20,5,,
87 Edison Pl. - South Garage,125966648,2026-06-18,2026-06-19,2026-06-19,5,,
515 E 79th St. - Valet Garage,126089472,2026-06-20,2026-06-20,2026-06-21,5,,
120 W 21st St. - Valet Garage,125790337,2026-06-16,2026-06-16,2026-06-18,5,,
10 Lafayette Ave. - Morristown Station Garage,125675266,2026-06-14,2026-06-15,2026-06-17,5,,
200 E 161st St. - Garage (Concourse Plaza),125995760,2026-06-19,2026-06-19,2026-06-20,5,,
E 20th St. and Ave. C - Skyport Surface Lot,125703444,2026-06-15,2026-06-15,2026-06-17,5,,
150 W 38th St - Valet Garage,125616286,2026-06-13,2026-06-13,2026-06-16,5,,
444 Washington Blvd. - Avalon Cove Lot,125975305,2026-06-18,2026-06-19,2026-06-19,5,,
18-20 Morton St. - Valet Garage,126048889,2026-06-19,2026-06-19,2026-06-21,5,,
150 W 38th St - Valet Garage,125844851,2026-06-17,2026-06-17,2026-06-18,5,,
77 Park Ave - Garage,124861214,2026-06-04,2026-06-04,2026-06-18,5,,
18-20 Morton St. - Valet Garage,125799650,2026-06-16,2026-06-16,2026-06-17,5,,
219 E 41st St. - Valet Garage,125713849,2026-06-15,2026-06-15,2026-06-17,5,,
300 Cadman Plaza West - Pierrepont Plaza - Valet Garage,126173794,2026-06-20,2026-06-20,2026-06-21,5,,
29-33 E 50th St. - New York Palace Valet,125233162,2026-06-09,2026-06-09,2026-06-16,5,,
7 W 28th St. - Valet (Drucker Lot),125705255,2026-06-15,2026-06-15,2026-06-18,5,,
251 Pearl St. - Valet Lot,125955146,2026-06-18,2026-06-19,2026-06-21,5,,
450 E 63rd St. - Valet (Sutton Terrace Garage),125818805,2026-06-16,2026-06-16,2026-06-20,5,,
87 Edison Pl. - South Garage,125901318,2026-06-19,2026-06-20,2026-06-21,5,,
204 E 80th St. - Valet (SFG Garage),125480376,2026-06-12,2026-06-12,2026-06-19,5,,
444 Washington Blvd. - Avalon Cove Lot,125780359,2026-06-16,2026-06-16,2026-06-17,5,,
38 W 46th St. - Valet Garage,125809223,2026-06-17,2026-06-18,2026-06-20,5,,
100 Christopher Columbus Dr. - Grove Pointe Garage,126113444,2026-06-19,2026-06-20,2026-06-20,5,,
258 Albany St. - Valet (200 Liberty St. Garage),125702401,2026-06-15,2026-06-16,2026-06-17,5,,
670 Baltic St. (120 5th Ave.) 55 Paseo Place - Garage,125330409,2026-06-10,2026-06-10,2026-06-21,5,,
345 W 58th St. - Valet Garage,125741731,2026-06-15,2026-06-15,2026-06-16,5,,
54 W 81st St. - American Museum Of Natural History Garage,125069734,2026-06-15,2026-06-15,2026-06-19,5,,
200 Cadman Plaza West (75 Henry St. - Valet Garage),125852560,2026-06-17,2026-06-18,2026-06-18,5,,
31 W 52nd St. - Valet Garage (CBS Building),125138661,2026-06-08,2026-06-08,2026-06-18,5,,
240 E 47th St. - Garage,125672960,2026-06-14,2026-06-15,2026-06-16,5,,
140 W 51st St. - Valet Garage,125161443,2026-06-08,2026-06-08,2026-06-18,4,,
50 River Dr. S - Garage,125857053,2026-06-17,2026-06-17,2026-06-18,5,,
23-25 W 55th St. - Valet Garage,125976152,2026-06-19,2026-06-19,2026-06-21,5,,
100 Christopher Columbus Dr. - Grove Pointe Garage,125844893,2026-06-18,2026-06-18,2026-06-18,5,,
18-20 Morton St. - Valet Garage,126140802,2026-06-20,2026-06-20,2026-06-21,5,,
51 W 56th St. - Valet Garage,124501947,2026-05-31,2026-06-03,2026-06-16,5,,
424 E 53rd St. - Rivercourt Valet Garage,126069321,2026-06-19,2026-06-19,2026-06-19,5,,
38 W 46th St. - Valet Garage,125745380,2026-06-15,2026-06-16,2026-06-16,5,,
51 W 56th St. - Valet Garage,126088682,2026-06-19,2026-06-20,2026-06-21,5,,
345 W 58th St. - Valet Garage,125601512,2026-06-13,2026-06-14,2026-06-17,5,,
258 Albany St. - Valet (200 Liberty St. Garage),125781345,2026-06-16,2026-06-16,2026-06-19,5,,
2 Mall Dr. East (479 Rear Washington Blvd.) - Newport South - Garage,125711168,2026-06-15,2026-06-15,2026-06-16,5,,
258 Albany St. - Valet (200 Liberty St. Garage),126063179,2026-06-19,2026-06-19,2026-06-19,5,,
55b Richmond Terrace - Empire Outlets Garage,125917239,2026-06-18,2026-06-19,2026-06-19,5,,
77 Park Ave - Garage,125917798,2026-06-19,2026-06-20,2026-06-21,5,,
561 Washington Blvd - Newport North Garage,125496491,2026-06-12,2026-06-13,2026-06-17,5,,
219 E 41st St. - Valet Garage,125167127,2026-06-08,2026-06-08,2026-06-19,5,,
245 E 36th St. - Valet Lot,125681853,2026-06-15,2026-06-15,2026-06-16,5,,
219 E 41st St. - Valet Garage,125386788,2026-06-11,2026-06-11,2026-06-17,5,,
138-20 39th Ave. - Flushing Commons South Garage,125651013,2026-06-14,2026-06-14,2026-06-21,4,,
219 E 41st St. - Valet Garage,125711863,2026-06-15,2026-06-15,2026-06-16,5,,
87 Edison Pl. - South Garage,125725298,2026-06-15,2026-06-18,2026-06-18,5,,
219 E 41st St. - Valet Garage,125755209,2026-06-18,2026-06-18,2026-06-18,5,,
87 Edison Pl. - South Garage,125750829,2026-06-18,2026-06-18,2026-06-20,5,,
3 Washington Square Village - Valet Garage,125762594,2026-06-15,2026-06-16,2026-06-16,5,,
3069 W 35th St. (3514 Surf Ave.) - Garage,126011500,2026-06-20,2026-06-20,2026-06-21,4,,
55b Richmond Terrace - Empire Outlets Garage,125945094,2026-06-18,2026-06-19,2026-06-19,5,,
106 W 30th St. - Kimpton Hotel Eventi Garage,126023380,2026-06-19,2026-06-19,2026-06-19,5,,
100 Warren St. - Portside Towers Garage,125765564,2026-06-16,2026-06-16,2026-06-18,5,,
18-20 Morton St. - Valet Garage,125087152,2026-06-08,2026-06-08,2026-06-18,5,,
245 E 36th St. - Valet Lot,124986476,2026-06-06,2026-06-06,2026-06-19,5,,
38 W 46th St. - Valet Garage,125780897,2026-06-16,2026-06-16,2026-06-17,5,,
87 Edison Pl. - South Garage,125951616,2026-06-18,2026-06-19,2026-06-21,5,,
545 E 116th St. (East River Plaza) - Garage,125561175,2026-06-13,2026-06-13,2026-06-20,5,,
54 W 81st St. - American Museum Of Natural History Garage,125962526,2026-06-18,2026-06-18,2026-06-20,5,,
200 Cadman Plaza West (75 Henry St. - Valet Garage),125980679,2026-06-18,2026-06-19,2026-06-19,5,,
140 W 51st St. - Valet Garage,125702385,2026-06-15,2026-06-15,2026-06-16,5,,
219 E 41st St. - Valet Garage,126069181,2026-06-19,2026-06-20,2026-06-20,5,,
200 E 161st St. - Garage (Concourse Plaza),126218132,2026-06-21,2026-06-21,2026-06-21,4,,
200 E 61st St. - Valet Garage,125223063,2026-06-09,2026-06-09,2026-06-16,5,,
245 E 93rd St. - Valet (Astor Terrace Garage),125680460,2026-06-14,2026-06-15,2026-06-16,5,,
333 Schermerhorn St. - Valet Garage,125482631,2026-06-12,2026-06-13,2026-06-19,3,,
18-20 Morton St. - Valet Garage,125649451,2026-06-14,2026-06-14,2026-06-20,5,,
100 Warren St. - Portside Towers Garage,125767395,2026-06-16,2026-06-16,2026-06-16,5,,
7 W 28th St. - Valet (Drucker Lot),126188311,2026-06-20,2026-06-21,2026-06-21,5,,
129 Roosevelt Ave. (40-24 College Point Blvd.) - Skyview Mall Garage,125909648,2026-06-17,2026-06-17,2026-06-17,5,,
450 E 63rd St. - Valet (Sutton Terrace Garage),125721847,2026-06-16,2026-06-16,2026-06-17,5,,
2 McKenny St. - Panorama Valet Garage,125967032,2026-06-18,2026-06-18,2026-06-18,5,,
51 W 56th St. - Valet Garage,125712899,2026-06-15,2026-06-15,2026-06-17,5,,
30 Park Ln. N - The Bisby Garage,125649562,2026-06-14,2026-06-14,2026-06-19,5,,
140 W 53rd St. - Valet Garage,125563437,2026-06-13,2026-06-14,2026-06-19,5,,
513 W 180th St. (2420 Amsterdam Ave.)  - Radio Hotel Garage,123166173,2026-06-19,2026-06-19,2026-06-21,4,,
25 North Blvd. (30 Newport Pkwy.) - Parkside Garage,125448466,2026-06-12,2026-06-12,2026-06-18,5,,
60 E 12th St. - Valet Garage,125271745,2026-06-10,2026-06-10,2026-06-19,1,,
87 Edison Pl. - South Garage,125880431,2026-06-18,2026-06-19,2026-06-21,5,,
140 W 51st St. - Valet Garage,125535612,2026-06-13,2026-06-14,2026-06-16,5,,
87 Edison Pl. - South Garage,126028190,2026-06-19,2026-06-20,2026-06-20,5,,
150 W 38th St - Valet Garage,125820523,2026-06-16,2026-06-16,2026-06-19,5,,
120 W 21st St. - Valet Garage,125469871,2026-06-12,2026-06-12,2026-06-17,5,,
7 W 28th St. - Valet (Drucker Lot),125658084,2026-06-14,2026-06-15,2026-06-16,5,,
23-25 W 55th St. - Valet Garage,126178061,2026-06-20,2026-06-20,2026-06-21,5,,
21 E 15th St. - Union Square Valet Garage,125804658,2026-06-16,2026-06-16,2026-06-17,5,,
123 E 53rd St. (375 Park Ave.) - Seagrams Building Valet Garage,125879000,2026-06-17,2026-06-17,2026-06-18,5,,
340 E 80th St. - Valet Garage,125379916,2026-06-11,2026-06-11,2026-06-17,5,,
185 E 85th St. - Valet (Park Lane Garage),125771080,2026-06-16,2026-06-16,2026-06-17,5,,
38 W 46th St. - Valet Garage,125566973,2026-06-13,2026-06-14,2026-06-20,5,,
90 Town Square Place - Garage,126182504,2026-06-20,2026-06-21,2026-06-21,5,,
258 Albany St. - Valet (200 Liberty St. Garage),125729333,2026-06-15,2026-06-15,2026-06-19,5,,
220 E 67th St. - Valet Garage,125859192,2026-06-17,2026-06-17,2026-06-21,5,,
77 Park Ave - Garage,125779336,2026-06-16,2026-06-16,2026-06-17,5,,
55b Richmond Terrace - Empire Outlets Garage,125541440,2026-06-13,2026-06-14,2026-06-18,5,,
219 E 41st St. - Valet Garage,125655194,2026-06-16,2026-06-16,2026-06-17,5,,
245 E 36th St. - Valet Lot,125557270,2026-06-13,2026-06-13,2026-06-21,5,,
219 E 41st St. - Valet Garage,125708557,2026-06-15,2026-06-15,2026-06-16,5,,
E 20th St. and Ave. C - Skyport Surface Lot,125160898,2026-06-08,2026-06-14,2026-06-18,5,,
219 E 41st St. - Valet Garage,125985909,2026-06-18,2026-06-20,2026-06-20,5,,
87 Edison Pl. - South Garage,125306575,2026-06-16,2026-06-17,2026-06-21,5,,
2 Metrotech (100 Myrtle Ave),125550594,2026-06-13,2026-06-14,2026-06-21,5,,
3069 W 35th St. (3514 Surf Ave.) - Garage,126132438,2026-06-20,2026-06-20,2026-06-20,1,,
2 Metrotech (100 Myrtle Ave),125611817,2026-06-13,2026-06-14,2026-06-16,5,,
106 W 30th St. - Kimpton Hotel Eventi Garage,125908018,2026-06-17,2026-06-17,2026-06-17,5,,
165 W 65th St - Valet Garage,125558136,2026-06-17,2026-06-17,2026-06-17,5,,
31 W 52nd St. - Valet Garage (CBS Building),125859432,2026-06-17,2026-06-17,2026-06-17,5,,
60 W 66th St. (2 Lincoln Plaza) - Valet Garage,124065540,2026-06-17,2026-06-17,2026-06-18,5,,
140 W 51st St. - Valet Garage,125520547,2026-06-13,2026-06-14,2026-06-19,5,,
150 W 90th St. (189 W 89th St.) - Garage,125282353,2026-06-10,2026-06-10,2026-06-17,5,,
140 W 51st St. - Valet Garage,126035314,2026-06-20,2026-06-21,2026-06-21,1,,
100 Christopher Columbus Dr. - Grove Pointe Garage,125689282,2026-06-15,2026-06-15,2026-06-17,5,,
120 W 21st St. - Valet Garage,125264562,2026-06-09,2026-06-10,2026-06-16,5,,
54 W 81st St. - American Museum Of Natural History Garage,125691449,2026-06-18,2026-06-18,2026-06-18,5,,
150 W 38th St - Valet Garage,125715731,2026-06-15,2026-06-15,2026-06-16,5,,
54 W 81st St. - American Museum Of Natural History Garage,125796286,2026-06-16,2026-06-16,2026-06-17,5,,
123 E 53rd St. (375 Park Ave.) - Seagrams Building Valet Garage,125654939,2026-06-14,2026-06-14,2026-06-16,5,,
200 E 161st St. - Garage (Concourse Plaza),125013735,2026-06-07,2026-06-07,2026-06-17,5,,
1360 Fulton St. - Restoration Plaza Garage,124937923,2026-06-12,2026-06-14,2026-06-16,5,,
200 E 161st St. - Garage (Concourse Plaza),125738318,2026-06-16,2026-06-16,2026-06-18,5,,
77 Park Ave - Garage,126048424,2026-06-19,2026-06-19,2026-06-20,5,,
200 E 161st St. - Garage (Concourse Plaza),126129609,2026-06-20,2026-06-20,2026-06-20,5,,
101 W 53rd St - Hilton Hotel Valet Garage,125226149,2026-06-09,2026-06-09,2026-06-21,5,,
150 W 38th St - Valet Garage,124858986,2026-06-04,2026-06-05,2026-06-18,5,,
55b Richmond Terrace - Empire Outlets Garage,125773507,2026-06-18,2026-06-19,2026-06-20,4,,
150 W 38th St - Valet Garage,125665248,2026-06-15,2026-06-15,2026-06-17,5,,
480 W 13th St (28 10th Ave) - Lot,124906900,2026-06-05,2026-06-06,2026-06-17,5,,
18-20 Morton St. - Valet Garage,125671595,2026-06-19,2026-06-19,2026-06-20,5,,
39 E 29th St - Valet Garage,126177876,2026-06-20,2026-06-20,2026-06-20,5,,
7 W 28th St. - Valet (Drucker Lot),125780977,2026-06-16,2026-06-16,2026-06-20,5,,
140 W 53rd St. - Valet Garage,125231979,2026-06-13,2026-06-14,2026-06-17,5,,
424 E 53rd St. - Rivercourt Valet Garage,124943623,2026-06-05,2026-06-07,2026-06-19,5,,
25 North Blvd. (30 Newport Pkwy.) - Parkside Garage,125964313,2026-06-18,2026-06-18,2026-06-18,5,,
38 W 46th St. - Valet Garage,125750711,2026-06-16,2026-06-16,2026-06-16,5,,
5 Bay St. - Lighthouse Point Garage,126151606,2026-06-20,2026-06-20,2026-06-21,4,,
4 E 72nd St - 910 5th Ave Building - Valet Garage,125845665,2026-06-17,2026-06-17,2026-06-18,5,,
301 W 53rd St.- Valet Garage,123514383,2026-06-12,2026-06-16,2026-06-16,5,,
480 W 13th St (28 10th Ave) - Lot,125375763,2026-06-19,2026-06-19,2026-06-20,5,,
120 W 21st St. - Valet Garage,125530140,2026-06-13,2026-06-19,2026-06-19,5,,
245 E 36th St. - Valet Lot,125943920,2026-06-18,2026-06-18,2026-06-18,5,,
200 E 161st St. - Garage (Concourse Plaza),125917421,2026-06-17,2026-06-17,2026-06-18,5,,
2 McKenny St. - Panorama Valet Garage,126168735,2026-06-20,2026-06-20,2026-06-21,5,,
200 E 161st St. - Garage (Concourse Plaza),126055881,2026-06-19,2026-06-19,2026-06-19,5,,
140 W 51st St. - Valet Garage,125395764,2026-06-11,2026-06-11,2026-06-20,5,,
7 W 28th St. - Valet (Drucker Lot),124993240,2026-06-11,2026-06-15,2026-06-16,5,,
200 E 161st St. - Garage (Concourse Plaza),125923052,2026-06-18,2026-06-18,2026-06-19,5,,
340 E 80th St. - Valet Garage,125446296,2026-06-15,2026-06-15,2026-06-16,5,,
267-271 W 47th St. - Valet Garage (Biltmore Theatre),126052818,2026-06-20,2026-06-20,2026-06-20,5,,
20 W 13th St. - Valet Garage,125842769,2026-06-19,2026-06-19,2026-06-20,5,,
220 E 65th St. - Valet (Concorde Garage),126032351,2026-06-19,2026-06-19,2026-06-19,5,,
258 Albany St. - Valet (200 Liberty St. Garage),125613096,2026-06-13,2026-06-15,2026-06-18,5,,
150 W 38th St - Valet Garage,125869348,2026-06-17,2026-06-18,2026-06-18,5,,
90 Town Square Place - Garage,125761163,2026-06-16,2026-06-17,2026-06-21,5,,
450 E 63rd St. - Valet (Sutton Terrace Garage),125592207,2026-06-13,2026-06-14,2026-06-19,5,,
90 Town Square Place - Garage,125806380,2026-06-20,2026-06-20,2026-06-21,5,,
424 E 53rd St. - Rivercourt Valet Garage,125911224,2026-06-17,2026-06-18,2026-06-18,5,,
345 W 58th St. - Valet Garage,125772541,2026-06-16,2026-06-17,2026-06-17,5,,
51 W 56th St. - Valet Garage,125578114,2026-06-13,2026-06-14,2026-06-21,5,,
300 W 95th St (711 West End Ave) - Valet Garage,125626946,2026-06-14,2026-06-14,2026-06-16,5,,
51 W 56th St. - Valet Garage,126069131,2026-06-19,2026-06-20,2026-06-20,4,,
165 W 65th St - Valet Garage,125912373,2026-06-20,2026-06-20,2026-06-20,5,,
101 W 53rd St - Hilton Hotel Valet Garage,125680829,2026-06-16,2026-06-16,2026-06-17,5,,
2 Mall Dr. East (479 Rear Washington Blvd.) - Newport South - Garage,125385131,2026-06-11,2026-06-11,2026-06-17,5,,
200 E 61st St. - Valet Garage,125672441,2026-06-14,2026-06-14,2026-06-16,5,,
3 Washington Square Village - Valet Garage,125231500,2026-06-11,2026-06-12,2026-06-17,5,,
561 Washington Blvd - Newport North Garage,125287555,2026-06-10,2026-06-10,2026-06-19,5,,
245 E 36th St. - Valet Lot,125493207,2026-06-12,2026-06-12,2026-06-16,5,,
474 Warren St. - VYV Garage,125701788,2026-06-16,2026-06-16,2026-06-17,5,,
2 McKenny St. - Panorama Valet Garage,125913547,2026-06-17,2026-06-17,2026-06-21,5,,
50 River Dr. S - Garage,125870130,2026-06-17,2026-06-17,2026-06-19,5,,
50 River Dr. S - Garage,125165034,2026-06-09,2026-06-09,2026-06-18,5,,
87 Edison Pl. - South Garage,122778928,2026-06-17,2026-06-18,2026-06-19,5,,
87 Edison Pl. - South Garage,124987296,2026-06-06,2026-06-07,2026-06-17,5,,
87 Edison Pl. - South Garage,125407617,2026-06-18,2026-06-19,2026-06-20,5,,
106 W 30th St. - Kimpton Hotel Eventi Garage,126168098,2026-06-20,2026-06-21,2026-06-21,5,,
200 E 161st St. - Garage (Concourse Plaza),125288476,2026-06-11,2026-06-11,2026-06-19,5,,
301 W 53rd St.- Valet Garage,125369838,2026-06-11,2026-06-11,2026-06-16,5,,
20 W 13th St. - Valet Garage,125487524,2026-06-12,2026-06-12,2026-06-17,5,,
301 W 53rd St.- Valet Garage,125735145,2026-06-15,2026-06-16,2026-06-17,5,,
185 E 85th St. - Valet (Park Lane Garage),125283867,2026-06-11,2026-06-11,2026-06-16,5,,
200 E 161st St. - Garage (Concourse Plaza),125436074,2026-06-11,2026-06-12,2026-06-16,5,,
258 Albany St. - Valet (200 Liberty St. Garage),125284742,2026-06-10,2026-06-10,2026-06-16,5,,
18-20 Morton St. - Valet Garage,125689278,2026-06-15,2026-06-15,2026-06-16,5,,
90 Town Square Place - Garage,125455313,2026-06-13,2026-06-14,2026-06-16,5,,
301 E 66th St. - Valet Garage,125709273,2026-06-15,2026-06-15,2026-06-18,5,,
240 E 47th St. - Garage,125930410,2026-06-17,2026-06-18,2026-06-18,5,,
185 E 85th St. - Valet (Park Lane Garage),125078791,2026-06-07,2026-06-08,2026-06-20,5,,
137 Duffield St - 15 MetroTech Valet Garage,125974316,2026-06-18,2026-06-18,2026-06-19,5,,
185 E 85th St. - Valet (Park Lane Garage),125330519,2026-06-10,2026-06-10,2026-06-17,5,,
1105 St Nicholas Ave. - Audubon Lot,125559757,2026-06-13,2026-06-13,2026-06-19,5,,
258 Albany St. - Valet (200 Liberty St. Garage),125661599,2026-06-14,2026-06-14,2026-06-19,5,,
60 W 66th St. (2 Lincoln Plaza) - Valet Garage,125732163,2026-06-15,2026-06-16,2026-06-16,5,,
258 Albany St. - Valet (200 Liberty St. Garage),125984847,2026-06-18,2026-06-18,2026-06-18,5,,
140 W 53rd St. - Valet Garage,125982150,2026-06-18,2026-06-18,2026-06-18,5,,
345 W 58th St. - Valet Garage,125793446,2026-06-16,2026-06-17,2026-06-21,5,,
87 Edison Pl. - South Garage,125640957,2026-06-14,2026-06-15,2026-06-16,5,,
200 Cadman Plaza West (75 Henry St. - Valet Garage),125587916,2026-06-13,2026-06-14,2026-06-19,5,,
120 W 21st St. - Valet Garage,125786242,2026-06-16,2026-06-16,2026-06-18,5,,
200 E 61st St. - Valet Garage,125298092,2026-06-10,2026-06-10,2026-06-17,5,,
9 W 31st St. - Valet Garage,125398979,2026-06-11,2026-06-11,2026-06-18,5,,
165 W 65th St - Valet Garage,118428491,2026-06-20,2026-06-20,2026-06-21,5,,
9 W 31st St. - Valet Garage,125889113,2026-06-17,2026-06-17,2026-06-19,5,,
1105 St Nicholas Ave. - Audubon Lot,125362494,2026-06-11,2026-06-11,2026-06-16,5,,
200 E 161st St. - Garage (Concourse Plaza),125912887,2026-06-18,2026-06-18,2026-06-20,5,,
480 W 13th St (28 10th Ave) - Lot,126118524,2026-06-20,2026-06-20,2026-06-20,5,,
107 W 31st St - Valet (Continental/Tower 111 Garage),121151199,2026-06-16,2026-06-17,2026-06-17,5,,
561 Washington Blvd - Newport North Garage,125212307,2026-06-09,2026-06-09,2026-06-17,5,,
107 W 31st St - Valet (Continental/Tower 111 Garage),125838820,2026-06-20,2026-06-21,2026-06-21,5,,
140 W 53rd St. - Valet Garage,126075089,2026-06-19,2026-06-21,2026-06-21,5,,
450 E 63rd St. - Valet (Sutton Terrace Garage),125318563,2026-06-12,2026-06-12,2026-06-18,5,,
E 20th St. and Ave. C - Skyport Surface Lot,124808710,2026-06-05,2026-06-08,2026-06-19,5,,
215 E 80th St. - Valet Garage,125710058,2026-06-15,2026-06-15,2026-06-16,5,,
87 Edison Pl. - South Garage,125669464,2026-06-14,2026-06-15,2026-06-17,5,,
185 E 85th St. - Valet (Park Lane Garage),125927208,2026-06-17,2026-06-18,2026-06-21,5,,
140 W 51st St. - Valet Garage,125342704,2026-06-16,2026-06-16,2026-06-17,5,,
51 W 56th St. - Valet Garage,125500052,2026-06-12,2026-06-12,2026-06-18,5,,
140 W 51st St. - Valet Garage,125845015,2026-06-17,2026-06-18,2026-06-18,5,,
2 Journal Square Plaza - Journal Square Garage,125179233,2026-06-09,2026-06-09,2026-06-20,5,,
140 W 51st St. - Valet Garage,125995064,2026-06-18,2026-06-19,2026-06-19,5,,
60 W 66th St. (2 Lincoln Plaza) - Valet Garage,125870925,2026-06-17,2026-06-17,2026-06-17,5,,
200 E 161st St. - Garage (Concourse Plaza),125823709,2026-06-16,2026-06-16,2026-06-17,5,,
55b Richmond Terrace - Empire Outlets Garage,125905640,2026-06-18,2026-06-19,2026-06-19,5,,
107 W 31st St - Valet (Continental/Tower 111 Garage),125708935,2026-06-20,2026-06-20,2026-06-21,5,,
129 Roosevelt Ave. (40-24 College Point Blvd.) - Skyview Mall Garage,125417755,2026-06-20,2026-06-20,2026-06-20,5,,
21 E 15th St. - Union Square Valet Garage,124926544,2026-06-05,2026-06-10,2026-06-20,5,,
138-20 39th Ave. - Flushing Commons South Garage,125424056,2026-06-11,2026-06-11,2026-06-16,5,,
450 E 63rd St. - Valet (Sutton Terrace Garage),125769374,2026-06-16,2026-06-17,2026-06-20,5,,
54 W 81st St. - American Museum Of Natural History Garage,123609712,2026-06-18,2026-06-18,2026-06-18,5,,
204 E 80th St. - Valet (SFG Garage),125338142,2026-06-10,2026-06-10,2026-06-16,5,,
106 W 30th St. - Kimpton Hotel Eventi Garage,125758112,2026-06-19,2026-06-19,2026-06-20,5,,
185 E 85th St. - Valet (Park Lane Garage),125798457,2026-06-16,2026-06-16,2026-06-17,5,,
31 W 52nd St. - Valet Garage (CBS Building),126160846,2026-06-20,2026-06-20,2026-06-21,5,,
4 E 72nd St - 910 5th Ave Building - Valet Garage,125730886,2026-06-15,2026-06-15,2026-06-16,5,,
150 W 38th St - Valet Garage,125242642,2026-06-10,2026-06-10,2026-06-19,3,,
1105 St Nicholas Ave. - Audubon Lot,125716823,2026-06-15,2026-06-15,2026-06-16,5,,
103 Murray St. - (270 Greenwich Garage),125396843,2026-06-15,2026-06-15,2026-06-19,5,,
3 Washington Square Village - Valet Garage,125640014,2026-06-15,2026-06-16,2026-06-17,5,,
103 Murray St. - (270 Greenwich Garage),126040366,2026-06-19,2026-06-19,2026-06-19,4,,
561 Washington Blvd - Newport North Garage,125708865,2026-06-15,2026-06-15,2026-06-18,1,,
7 W 28th St. - Valet (Drucker Lot),127439767,2026-07-07,2026-07-07,2026-07-08,1,Wouldn’t let me park even though I pre paid! Very rude and told me to find another lot,
301 W 53rd St.- Valet Garage,127958348,2026-07-12,2026-07-13,2026-07-13,1,Worst ever. Scammers. They charged 20 dollars form oversized vehicle but it wasn’t mentioned in the description,
38 W 46th St. - Valet Garage,127731525,2026-07-10,2026-07-10,2026-07-11,1,When I got there 458am it wasn’t open. I had an appt and had to go somewhere else. Yet I was still charged even though I never ever entered the garage. I will NEVER use this service again and will tell all friends and family to do the same.,
107 W 31st St - Valet (Continental/Tower 111 Garage),126536450,2026-07-07,2026-07-07,2026-07-08,4,"When I first arrived, I was told there were no spots and I should call and get a refund. I pleaded with the guy to give me a spot since I was going to a concert and I got one but saw people turned away.",
200 E 61st St. - Valet Garage,127658610,2026-07-09,2026-07-09,2026-07-11,1,What’s the point of a reservation if you show up to a lot that’s full,
240 E 47th St. - Garage,127686685,2026-07-09,2026-07-10,2026-07-11,4,"Tough getting in when other cars were coming out, it would have been helpful for an attendant to move cones to help with traffic",
4 E 72nd St - 910 5th Ave Building - Valet Garage,127403890,2026-07-06,2026-07-06,2026-07-07,5,This was easy as pie. The staff were courteous and professional and didn't linger for a tip. Pre-paying thru SpotHero was the clincher.,
301 W 53rd St.- Valet Garage,127550052,2026-07-11,2026-07-11,2026-07-12,3,"They were full, and denied my reservation. I almost missed my show!",
470 Dean St. (215 Flatbush Ave.) - Valet,127722999,2026-07-11,2026-07-12,2026-07-12,2,They only had 1 person getting everyone’s car. Waited an hour for my car to come up,
219 E 41st St. - Valet Garage,127501780,2026-07-07,2026-07-07,2026-07-09,5,They do not extort money from you like other garages. Very polite and honest,
200 E 161st St. - Garage (Concourse Plaza),127387006,2026-07-11,2026-07-12,2026-07-12,2,There was only one person helping people get out of the lot which backed up traffic. There should’ve been at least two attendants maintaining traffic and exits to make sure everyone was getting out Ima timely manner.,
21 E 15th St. - Union Square Valet Garage,127743157,2026-07-10,2026-07-10,2026-07-11,1,There was no parking.,
480 W 13th St (28 10th Ave) - Lot,127425995,2026-07-06,2026-07-06,2026-07-07,1,There was no garage at this address. It was not clear that it was actally parking lot on 10th St.  We had to drop off our passengers and drive to another lot on the west side.  Not good. I canceled the reservation.,
3 Washington Square Village - Valet Garage,127378214,2026-07-07,2026-07-07,2026-07-08,5,The staff was so nice !!!!,
3 Washington Square Village - Valet Garage,127599215,2026-07-08,2026-07-09,2026-07-09,5,The staff is sooo wonderful!,
7 W 28th St. - Valet (Drucker Lot),127891778,2026-07-11,2026-07-11,2026-07-12,1,The parking lot rejected me.  Told me to go to sister property 3 blocks down.  That property said they would honor price and then charged me full price.  Paid for both lots and cost me more than 3 times the price I booked.  Also missed my dinner reservation because of the delay.,
107 W 31st St - Valet (Continental/Tower 111 Garage),127435305,2026-07-07,2026-07-08,2026-07-08,1,The lot was full. no spot for me . how do I get my money back . I had to pay 60.00 for another garage . dont think I will use Spot Hero again . Very bad experience ! I want a refund !,
140 W 51st St. - Valet Garage,127514547,2026-07-08,2026-07-08,2026-07-09,2,The location is actually before the address indicated - had to go around the block and find it before the actual address on the building - very confusing and time consuming especially in NYC,
4650 Broadway - Valet Garage,127640599,2026-07-08,2026-07-10,2026-07-11,1,"The guy that worked there tried to charge me $100 buck because he said we didn’t have a reservation. When I showed him he still said we owed them. After I showed him that my payment went through, he then tried to convince me that the 3 on my license plate was an E. It was ridiculous. I threaten to call the police and that’s when he gave me my car. Horrible time. This was on June 10, around 7:30pm to 8pm.",
219 E 41st St. - Valet Garage,127480317,2026-07-07,2026-07-07,2026-07-07,5,The bravery shown by the staff at this garage is to be lauded. They magnanimously continued to do their jobs despite the emergency at hand. I owe them so much and I pray each one of them is safely home holding their loved ones.,
140 W 53rd St. - Valet Garage,127628964,2026-07-08,2026-07-10,2026-07-11,3,"The attendant tried to jam me up for $20 additional because i wanted to get something out of the car for my evening. So, besides a thief working at the place it was pretty good.",
140 W 51st St. - Valet Garage,127792363,2026-07-10,2026-07-11,2026-07-11,5,The attendant that serviced me was outstanding,
31 W 52nd St. - Valet Garage (CBS Building),127731346,2026-07-10,2026-07-10,2026-07-12,5,Staff was fantastic and very helpful!,
3069 W 35th St. (3514 Surf Ave.) - Garage,127718611,2026-07-11,2026-07-11,2026-07-12,1,Service was absolutely horrible. I’ll never park here again. Was almost forced to pay double the price because the associate checking me in was not knowledgeable about 3rd party app purchases and checked me in as a new guest instead of looking at my reservation. Horrible.,
123 E 53rd St. (375 Park Ave.) - Seagrams Building Valet Garage,127765680,2026-07-11,2026-07-12,2026-07-12,1,Rude and very unprofessional attendant. Did not tell me the garage would be closed when I told him what time I would be coming back for my car. Had to spend $200 to get home at 02:00 am and return the next day before 08:00. Same attendant the next morning with same BAD and very rude attitude ! Do not park here ...,
480 W 13th St (28 10th Ave) - Lot,127253755,2026-07-11,2026-07-11,2026-07-12,1,"Remove this from available parking list, not available, rented for other developer",
2 Metrotech (100 Myrtle Ave),127324056,2026-07-04,2026-07-05,2026-07-07,1,People have been getting robbed because the parking lot is closed. Please do not park here.,
120 W 21st St. - Valet Garage,127100660,2026-07-06,2026-07-07,2026-07-07,5,Our experience was flawless!!,
51 W 56th St. - Valet Garage,127850358,2026-07-11,2026-07-11,2026-07-12,1,"One of the attendants didn't properly register my vehicle , the app showed I had to pay again ( when I already prepaid)  if not notice  one can be double paying if not reading it properly. This attendant didn't inform his partner where they couldn't locate my car which end up to calling the previous attendant that left home. Fortunately, the current attendant  look around the garage to find my car . Poor miscommunication",
2 Journal Square Plaza - Journal Square Garage,126686115,2026-06-26,2026-06-27,2026-07-08,3,One entrance closed,
2 Journal Square Plaza - Journal Square Garage,127677282,2026-07-09,2026-07-10,2026-07-11,1,"No one works there
Contact nbr worthless
Exit bar didn’t work

Had to break out via the entrance gate or we were kidnapped there.  Horrible experience",
106 W 30th St. - Kimpton Hotel Eventi Garage,127688973,2026-07-09,2026-07-09,2026-07-09,1,Need to pay an additional 16 dollars to get the car back ! And waiting for 30 min,
300 W 95th St (711 West End Ave) - Valet Garage,127647223,2026-07-09,2026-07-09,2026-07-09,5,My new favorite parking on the UWS. Super easy right off the highway and friendly staff with modern system (get your car by text).,
107 W 31st St - Valet (Continental/Tower 111 Garage),127462648,2026-07-07,2026-07-08,2026-07-09,1,My car got scratched while in their possession,
90 Town Square Place - Garage,127621521,2026-07-08,2026-07-08,2026-07-09,1,Made me pay again even though i entered my license and vehicle information prior to entering,
E 20th St. and Ave. C - Skyport Surface Lot,127565743,2026-07-08,2026-07-09,2026-07-09,1,Lot was closed,
2 Metrotech (100 Myrtle Ave),127320824,2026-07-04,2026-07-05,2026-07-07,1,Location was closed but accepted my reservation. I couldn’t cancel and was stuck paying for a service I never received,
474 Warren St. - VYV Garage,127287799,2026-07-04,2026-07-04,2026-07-08,1,Li,
38 W 46th St. - Valet Garage,127425070,2026-07-06,2026-07-06,2026-07-07,1,Let’s people cut the line.,
140 W 53rd St. - Valet Garage,126502803,2026-07-05,2026-07-12,2026-07-12,1,Kept closing out my ticket everytime I would verbally express that I had a reservation until the 12th and I was coming back and only using the “in/out” then kept trying to make me pay hundreds of dollars to take my car that I already paid for.,
301 W 53rd St.- Valet Garage,127760236,2026-07-11,2026-07-11,2026-07-11,1,I was turned away when I had a reservation.,
1360 Fulton St. - Restoration Plaza Garage,126760151,2026-07-06,2026-07-06,2026-07-07,1,I was told to leave. Garage was full. I am waiting for a refund from SpotHero.,
80 W 28th St. - Aston Valet Garage,127424128,2026-07-06,2026-07-06,2026-07-07,5,I was over charged by SpotHero!! My booking was confirmed for a 11pm checkout and garage closes at 10:30pm  - a credit should be applied to my account!!,
515 E 79th St. - Valet Garage,127763308,2026-07-10,2026-07-10,2026-07-11,3,"I was charged $15 extra for an “over sized vehicle. I have a RX350. If I parked at the garage next door, no oversized. This was only $13.99 and the $15 more than doubled the price. I would like a refund if the oversized charge. Also, unclear as extra charge. When confirming, thought it was $15 plus tax, not an additional on top.",
80 W 28th St. - Aston Valet Garage,127495991,2026-07-07,2026-07-07,2026-07-08,1,I pre paid for my parking .. when I arrived the manager told me to find parking somewhere else as he was only taking monthly parking… they shouldn’t accept payment or reservations then- I explained I lived far away and had an appointment next to that lot and they didn’t care at all- rude and inconsiderate,
138-20 39th Ave. - Flushing Commons South Garage,127769273,2026-07-10,2026-07-10,2026-07-12,1,"I paid with Spot Hero already but the gate wouldn’t let me out without me paying the garage directly too, so I basically paid the fee twice",
301 W 53rd St.- Valet Garage,127550672,2026-07-07,2026-07-09,2026-07-11,1,I paid for 2 days of parking. I had an emergency and had to leave after one day and I sent you a message about a refund and no one answered me.,
200 E 161st St. - Garage (Concourse Plaza),127793493,2026-07-11,2026-07-12,2026-07-12,4,I found the garage but on the instructions it states to park in the uncovered rooftop area and i could not find it. I had to ask an attendant who just instructed me to park anywhere.,
137 Duffield St - 15 MetroTech Valet Garage,127733137,2026-07-10,2026-07-10,2026-07-11,1,"I couldn’t find the location.  There aere several Metro tech. Parking spots in area. I should my past snd was advised i was in the right location. 

The challenge was leaving the i spoke to your customer service person but at this time he couldn’t assist me.  Next the dilemma. T the underground garage space had poor Wi-Fi connection snd took over an hour to get out a lot because you have to pay with card.  

Anyway, I would like a refund since I did not use a lot that you",
2 Mall Dr. East (479 Rear Washington Blvd.) - Newport South - Garage,127493091,2026-07-08,2026-07-08,2026-07-09,2,Hard to get out,
55b Richmond Terrace - Empire Outlets Garage,127310793,2026-07-04,2026-07-05,2026-07-07,1,Had to pay again to get out of parking garage.  Couldn’t use our QR code.,
51 W 56th St. - Valet Garage,127954268,2026-07-12,2026-07-12,2026-07-12,5,Guy working there was super friendly and nice. Was able to text when close to have car already pulled up and ready to go. Super fast and easy in and out.,
60 W 66th St. (2 Lincoln Plaza) - Valet Garage,127540778,2026-07-08,2026-07-08,2026-07-08,2,Guy tried to make us pay twice.,
55 Central Ave. (60 Bay St.) - Garage,127290744,2026-07-07,2026-07-07,2026-07-08,5,Great spot but the description in SpotHero is misleading. It’s valet,
838 11th Ave (555 W 57th St) - Valet Garage (BMW Building),127649066,2026-07-10,2026-07-10,2026-07-11,5,Great parking. Will come again,
9 W 31st St. - Valet Garage,127604883,2026-07-08,2026-07-09,2026-07-09,5,Great garage for wheelchair accessible van,
90 Town Square Place - Garage,127581970,2026-07-08,2026-07-08,2026-07-09,1,Gate didn’t open.  Called all numbers I could see posted and the phone just rang sitting at the gate for over 5 minutes.  Finally it just opened.,
120 W 21st St. - Valet Garage,127069275,2026-07-11,2026-07-12,2026-07-12,1,Farmers market going on and the roads were blocked so I couldn’t even get to my garage,
470 Dean St. (215 Flatbush Ave.) - Valet,127236440,2026-07-10,2026-07-11,2026-07-11,5,Excellent location and service at a reasonable price,
154 E 53rd St. - Valet Garage,127415392,2026-07-06,2026-07-06,2026-07-09,5,Excellent as always,
77 Park Ave - Garage,127449021,2026-07-11,2026-07-11,2026-07-12,1,Couldn’t exit with my bar code. Had to pay again for gate to open. No attendant to assist.,
200 E 161st St. - Garage (Concourse Plaza),124793044,2026-07-10,2026-07-11,2026-07-11,1,Cops blocked 161st off at 6pm due to event (Jay Z30 concert) & I could not access parking. I prepaid for parking because of the concert,
245 E 36th St. - Valet Lot,127492507,2026-07-07,2026-07-08,2026-07-08,5,Conveniently located near the Queens Midtown Tunnel.,
200 E 161st St. - Garage (Concourse Plaza),126953069,2026-07-01,2026-07-01,2026-07-09,5,Convenient.,
60 W 66th St. (2 Lincoln Plaza) - Valet Garage,127873388,2026-07-11,2026-07-12,2026-07-12,5,Convenient location. Clean and good service.,
140 W 53rd St. - Valet Garage,127057938,2026-07-03,2026-07-06,2026-07-07,4,"Convenient location and fast service. Difficult to make understand we had an in and out option, depending on who was in charge",
301 W 53rd St.- Valet Garage,127517744,2026-07-07,2026-07-07,2026-07-09,1,Charged me an additional fee even though the oversized fee was already paid and then tried to charge me again when I was leaving. 🙄,
300 Cadman Plaza West - Pierrepont Plaza - Valet Garage,127317026,2026-07-04,2026-07-05,2026-07-07,1,"Attendant was very rude, yelled at us and told us we couldn’t park, when we didn’t even cause a problem. Even though we had a reservation. We questioned a refund and then he allowed us in. Very unpleasant experience. Disgraceful attitude.",
38 W 46th St. - Valet Garage,127802498,2026-07-10,2026-07-11,2026-07-11,4,All went well. Except for the parking garage having the shutters closed around 2 AM  with no indication to “Knock it to open” or some other buzzer to reach the people inside the garage . I suggest  anyone using this garage to take a picture of the outside once you check in your car and inquire them at what time the shutters get down.,
215 E 80th St. - Valet Garage,127922065,2026-07-12,2026-07-12,2026-07-12,1,1.Serve racial discrimination.  2. Appalling service attitude. 3. Zero service!,
154 E 53rd St. - Valet Garage,127442353,2026-07-07,2026-07-07,2026-07-07,5,"$20 fee for a Honda CRV, is unfair it occupies same amount of space as a Honda Accord, why should it be more expensive?",
23-25 W 55th St. - Valet Garage,128137343,2026-07-15,2026-07-15,2026-07-15,1,was not able to park because our car was too large apparently,
345 W 58th St. - Valet Garage,127892030,2026-07-15,2026-07-15,2026-07-18,5,very nice experience,
9 W 31st St. - Valet Garage,128019508,2026-07-13,2026-07-15,2026-07-16,5,"very kind staff, easy instructions, clean",
140 W 51st St. - Valet Garage,128366012,2026-07-18,2026-07-18,2026-07-19,3,"no elevator on weekends so you had to walk up the same path the cars are coming down. felt dangerous. Also, I showed up 20 min early and they wouldnt let me park even though my time slot was 11-11 pm and I was only going to stay 3 hours.",
81 Fleet Pl. - Garage,128396436,2026-07-18,2026-07-19,2026-07-19,1,man dented my car,
60 W 66th St. (2 Lincoln Plaza) - Valet Garage,128254845,2026-07-16,2026-07-17,2026-07-17,5,"everything went smoothly, attendant was very helpful",
60 W 66th St. (2 Lincoln Plaza) - Valet Garage,128424191,2026-07-18,2026-07-18,2026-07-19,5,attendant was a+++. auto plate reader and texts made this simplest parking in lincoln center,
138-20 39th Ave. - Flushing Commons South Garage,128505001,2026-07-19,2026-07-19,2026-07-19,5,You park yourself! Which is nice. Lots of parking on P2,
240 E 47th St. - Garage,128220959,2026-07-15,2026-07-18,2026-07-19,4,"When I used the navigation from the site, it sent me to the wrong street. Had to put the actual address onto Google Maps to get me there. The gentleman that checked me in was very nice and helpful. He showed me what I needed to do to ask for my car. I followed his directions but when I got to parking garage 10 minutes later, my car was not pulled up. The man working was on a personal call. He blamed my pickup date for why it took so long to get my car but it took less time than the phone call.",
150 W 38th St - Valet Garage,128257159,2026-07-16,2026-07-18,2026-07-19,1,"When I came to my car, they had a dent in my car and they don’t wanna take the blame. I had to call the police, but because it was private property there was nothing they can do they said.",
39 E 29th St - Valet Garage,128191475,2026-07-15,2026-07-15,2026-07-15,1,When I arrived I was told the garage was full.,
25 New St. (609 Broad St.) - Garage,128148880,2026-07-15,2026-07-15,2026-07-18,3,"We had a critical appointment and had reserved a spot. When we got there, no spots were available and the only spot available was one marked ""residential"". We checked with the parking attendee on site whether we could park there and she said it was ok so we had to do that. Documented clarity on instructions on what to do in situations like this being posted in the garage and clearly reduces the stress and uncertainity for customers.",
139 W 62nd St. - Self Park Garage,120379624,2026-07-15,2026-07-15,2026-07-16,5,Was going to Lincoln Center in a heatwave and the lot was closed to anyone who did not have a reservation.  Felt so lucky to have made one on your site!,
87 Edison Pl. - South Garage,127960963,2026-07-13,2026-07-14,2026-07-14,5,Very close to prudential center,
140 W 51st St. - Valet Garage,128195372,2026-07-16,2026-07-17,2026-07-17,5,This was quite possibly the smoothest parking experiences I have had. The staff greeted us as soon as we pulled in and were very friendly and had the car waiting for us upon our return.,
301 W 53rd St.- Valet Garage,128253911,2026-07-16,2026-07-16,2026-07-17,1,This was a bait and switch garage and attendant was trying to make fast cash. when I parked I was told about SUV charge and I could only pay cash. And if i didn’t I would be charged double. I was disgusted. IMO this was a cash grab especially when he made change in all singles (meaning from the tips). I would hipe this will be refunded to my accoun. Horrible service from this garage.,
150 W 38th St - Valet Garage,128238935,2026-07-16,2026-07-17,2026-07-17,3,"This place was in a great location but it was confusing. Nobody greeted you as you drove in. And you had to drive up to the 5th floor in a very narrow ramp. The problem is that there are 5 other vehicles trying to get in or out, you get stuck in this narrow ramp and have to reverse. The problem could be solved if it was valet cause then there’s only one vehicle being operated at a time. It takes approximately 20-30 minutes to park in or out when the spot is busy.",
200 E 161st St. - Garage (Concourse Plaza),127823129,2026-07-11,2026-07-12,2026-07-19,2,"This parking is not on the""roof"". That is a lie.  It is an open grocery store parking lot at street level.  No attendant.  Criminal court across the street.",
1360 Fulton St. - Restoration Plaza Garage,127480750,2026-07-07,2026-07-07,2026-07-18,1,They told me I couldn’t park because of flooding even though I made my reservation same day.,
106 W 30th St. - Kimpton Hotel Eventi Garage,128186355,2026-07-15,2026-07-16,2026-07-17,1,They charged me a second time for over sized parking and couclnt request my car unless I paid it,
150 W 90th St. (189 W 89th St.) - Garage,128288566,2026-07-16,2026-07-17,2026-07-18,5,They also charge extra $15 for BMW X7 saying it's oversized,
200 E 161st St. - Garage (Concourse Plaza),127187667,2026-07-03,2026-07-04,2026-07-16,2,"There were huge rats in the parking lot, and the gate wouldn’t come up even though I paid ahead. I had to wait 10 mins for a representative on the phone to then try to charge me anyway after sending texts for 3 days. I had to send proof of purchase for them to validate and not text me asking for payment.",
86 Fleet Pl. - Garage,127970772,2026-07-12,2026-07-13,2026-07-14,5,The staff at this Garage his name is Sam. It was wonderful.,
87 Edison Pl. - South Garage,121190329,2026-07-13,2026-07-14,2026-07-14,4,The spaces are tight.  It was easy in and easy out.,
2 Journal Square Plaza - Journal Square Garage,128143292,2026-07-16,2026-07-16,2026-07-16,1,"The main entrance was blocked, so the only way to access the parking garage was through a hard-to-find entrance in a back alley. I wasted a lot of time trying to find it during the morning rush hour. I definitely do not recommend this place.",
140 W 51st St. - Valet Garage,128309372,2026-07-18,2026-07-19,2026-07-19,5,The gentleman who worked there was very kind and helped me use the links for the future.  Thank you!,
138-20 39th Ave. - Flushing Commons South Garage,128004854,2026-07-13,2026-07-14,2026-07-14,3,"The garage is great. But the EV charging experience was terrible, especially for a place with EV chargers in every parking stall. Yes they have well over 100 chargers. But only a hand full works. I went here for the EV charging and the whole registration process was terrible. I setup a day before I arrived. But it didn’t work and I had to have someone that works there help me and it took over an hour.",
150 W 38th St - Valet Garage,128264466,2026-07-16,2026-07-16,2026-07-16,1,The charges on top came as a surprise. Paid 23 dollars on top,
3 Washington Square Village - Valet Garage,127885318,2026-07-12,2026-07-12,2026-07-14,5,"The attendant on site was pleasant, friendly and helpful!",
18-20 Morton St. - Valet Garage,127997181,2026-07-13,2026-07-13,2026-07-14,1,Terrible got charged $48.00 for extra hour .,
7 W 28th St. - Valet (Drucker Lot),128097170,2026-07-14,2026-07-14,2026-07-15,1,Staff was slow and Horrible!,
154 E 53rd St. - Valet Garage,128347517,2026-07-17,2026-07-17,2026-07-18,5,Staff understood the SpotHero app well and took a pic of the reservation at the beginning and send a text to your phone for the pickup at the end. (Since you don’t otherwise get a ticket to prove they have your car),
90 Town Square Place - Garage,128096600,2026-07-18,2026-07-19,2026-07-19,1,"Spothero reservations do not register with this parking system. Every time to exit I have to call the customer service, then I receive a metropolis overdue & additional charges invoice via mail. There is no staff onsite to support.",
87 Edison Pl. - South Garage,128026960,2026-07-14,2026-07-15,2026-07-15,4,Someone pushed in one of my back up sensors,
87 Edison Pl. - South Garage,127981645,2026-07-13,2026-07-14,2026-07-15,4,Small parking spots,
18-20 Morton St. - Valet Garage,128068995,2026-07-14,2026-07-14,2026-07-17,4,Slow!,
138-20 39th Ave. - Flushing Commons South Garage,128325298,2026-07-18,2026-07-19,2026-07-19,1,Service didn’t work in parking garage… was directed to pay the parking toll when exiting saying that inline services would not work at this time.,
301 W 53rd St.- Valet Garage,128439185,2026-07-18,2026-07-18,2026-07-19,2,Oversize fee not clearly indicated in SpotHero,
300 Cadman Plaza West - Pierrepont Plaza - Valet Garage,127304045,2026-07-04,2026-07-05,2026-07-18,1,Overbooked,
204 E 80th St. - Valet (SFG Garage),128038136,2026-07-13,2026-07-14,2026-07-15,4,Nothing,
2 Mall Dr. East (479 Rear Washington Blvd.) - Newport South - Garage,128279067,2026-07-16,2026-07-16,2026-07-18,1,Never received a QR code and had to pull a ticket and pay to get out. So I actually double paid for 3 hour parking. First bad experience so far…,
300 Cadman Plaza West - Pierrepont Plaza - Valet Garage,127284711,2026-07-04,2026-07-05,2026-07-18,1,Need refund. Was not allowed to park here,
219 E 41st St. - Valet Garage,128276333,2026-07-16,2026-07-16,2026-07-19,2,"My car is charged an oversize fee of $15 even though the garge says it doesn't meet the criteria for that charge and refers me to Spot Hero.  Spot Hero refers me to the garage, so it's frustrating.",
140 W 53rd St. - Valet Garage,128174326,2026-07-15,2026-07-15,2026-07-18,5,Loved it! Staff,
7 W 28th St. - Valet (Drucker Lot),128265118,2026-07-16,2026-07-16,2026-07-16,4,Lot was overloaded,
150 W 38th St - Valet Garage,128274594,2026-07-16,2026-07-16,2026-07-19,4,Long wait time both arriving and leaving,
139 W 62nd St. - Self Park Garage,127753355,2026-07-10,2026-07-11,2026-07-16,4,"It was a little scary walking in this lot alone once parked. I did find a security officer to direct me to my spot on return. It was easy to get to the theater from this lot, but wouldn’t park here alone again.",
30-14 Crescent St. - Garage,128055209,2026-07-14,2026-07-14,2026-07-15,2,"It attendant, who was very courteous, had no record of my having pre-paid on Spot Hero, and it took 15-20 minutes to check out. It was unclear whether the check our process charged me again. A mess.",
9 W 31st St. - Valet Garage,128259327,2026-07-16,2026-07-16,2026-07-16,5,I wish I could’ve have gotten the young man’s name but he was so helpful. The lot was full I told him please I’ll be 20 minutes I have a job interview and luckily someone picked up their car so he accommodated me. God Bless Your Soul!,
87 Edison Pl. - South Garage,127724398,2026-07-11,2026-07-12,2026-07-14,5,"I truly enjoyed the ease of booking this spot and the ease with getting into the lot for our event.  It is within walking distance to the Prudential Center.  My only issue was that the system did not read out license plate on the way out.  There were a number of staff outside supporting this which makes me think there was a problem with the system.  However, we left with ease after they did what was needed on their device.",
150 W 38th St - Valet Garage,127965385,2026-07-15,2026-07-16,2026-07-16,2,I prepaid which was great but when I went to get my car they charged me an additional fee for oversize vehicle.   The prepaid amount clearly had an additional fee added as well for oversize car.  I pre paid for over size and then paid again at pick up for oversize.  Attendant would not give me my keys until I paid the fee.  They use an app that requires payment before proceeding.  Don't think I will park here again.,
470 Dean St. (215 Flatbush Ave.) - Valet,127973170,2026-07-13,2026-07-14,2026-07-14,1,I paid on the app with the reservation then they entered my plate number in wrong so to retrieve my car I had to pay again.  There was no one there that could reverse the charge.,
150 W 38th St - Valet Garage,128024255,2026-07-13,2026-07-13,2026-07-14,2,I keyed in my Jeep Grand Cherokee SUV so that pricing would reflect the vehicle and they attempted to upcharge me regardless and said they do not participate in pre-priced SUVs.  I argued and he waived it.,
219 E 41st St. - Valet Garage,127983996,2026-07-13,2026-07-13,2026-07-14,1,I had to click a link sent to me by text and create an account on a website I'd never heard of just to retrieve my car. I was never informed in advance that this would be required. I won't be using this service again.,
80 W 28th St. - Aston Valet Garage,128207096,2026-07-16,2026-07-16,2026-07-17,1,"I had a very disappointing experience with the attendant. When I arrived, he was unable to locate my reservation and immediately became confrontational. Instead of trying to investigate the issue, he began raising his voice and insisted that I had entered my license plate incorrectly.

I opened the app and showed him that my license plate information was entered correctly. I calmly explained that my settings had not changed and that the problem could have been a system glitch rather than user er",
300 Cadman Plaza West - Pierrepont Plaza - Valet Garage,128328529,2026-07-17,2026-07-17,2026-07-17,5,I had a hard time getting in and an even harder time getting out. Great place for a Maximum security prison. But the attendants are great,
7 W 28th St. - Valet (Drucker Lot),127443737,2026-07-11,2026-07-13,2026-07-14,1,"I entered the parking at the indicated time of my reservation and it was full. I then parked at the garage they instructed me to park in and was told at the end of my reservation I needed to pay (again). After 30 minutes on the phone with SpotHero they also told me to pay a second time. At the time of writing this I have yet to be refunded and paid 3x the initial price, and wasted about 2 hours dropping off and retrieving my car.",
240 E 47th St. - Garage,128102648,2026-07-14,2026-07-15,2026-07-16,1,"I booked the day before and when I go there, I was told no spots. Cancelled, searched for a new spot. Went there, confirmed they had a spot, and booked on line, then the agent said they did not have a spot for my Toyota Tachoma, even though I searched and found one that did have a spot and was willing to pay the difference. So the first challenge is that the bookings on the app are not guaranteed when you get there.",
200 E 161st St. - Garage (Concourse Plaza),127177983,2026-07-11,2026-07-12,2026-07-16,4,Hard to exit,
150 W 38th St - Valet Garage,128164411,2026-07-15,2026-07-15,2026-07-15,1,Had to pay an extra oversized fee,
150 W 38th St - Valet Garage,128114671,2026-07-15,2026-07-15,2026-07-16,3,"Had to drive to 5th floor to park. and come back down after i parked on a very narrow 2 way road., Had to back up multiple times and allow other cars to pass. No problem with staff just structurally difficult to navigate.  Would prefer attendant take car and deliver.",
258 Albany St. - Valet (200 Liberty St. Garage),128181718,2026-07-15,2026-07-15,2026-07-15,5,Great staff! Easy access to the building. Efficient process,
450 E 63rd St. - Valet (Sutton Terrace Garage),128276916,2026-07-16,2026-07-17,2026-07-18,5,Great option for visiting MSK - just a couple blocks away.,
200 E 161st St. - Garage (Concourse Plaza),126316585,2026-07-17,2026-07-17,2026-07-18,4,Great location not far from Yankee Stadium. After the game we were able to get out of traffic easily. A little dirty location and outdoors but for the price it’s not too bad.,
258 Albany St. - Valet (200 Liberty St. Garage),128176036,2026-07-16,2026-07-16,2026-07-18,5,Great location for visiting 9/11 memorial. Overall easy in and out.,
87 Edison Pl. - South Garage,127489946,2026-07-13,2026-07-14,2026-07-14,5,Great experience! I will definitely go back again. Highly recommend.,
333 Schermerhorn St. - Valet Garage,126918352,2026-07-14,2026-07-15,2026-07-16,5,Great experience parking here for an event at the Barclays Center. Easy in/out & loved being able to request my car from my phone. Would use this facility again.,
60 E 12th St. - Valet Garage,128257123,2026-07-16,2026-07-16,2026-07-19,5,Garage was a few short blocks from where we needed to be; very convenient. The attendant on duty was very pleasant. And we saved a lot of money by using Spot Hero!,
2 Journal Square Plaza - Journal Square Garage,128264428,2026-07-16,2026-07-17,2026-07-17,5,"Finding the entrance is a little confusing, but it’s a great parking spot for the Path station and good value.",
561 Washington Blvd - Newport North Garage,128327417,2026-07-17,2026-07-17,2026-07-19,1,"Expensive, staff unhelpful, no cameras. If issues arise when leaving — the onsite staff will do nothing and direct you to call  an offshore/ offsite number for assistance. There’s a wait to speak to a person… Also, my car has been hit here several times.",
140 W 51st St. - Valet Garage,128197889,2026-07-17,2026-07-17,2026-07-18,5,Excellent staff,
301 W 53rd St.- Valet Garage,128424761,2026-07-18,2026-07-18,2026-07-19,5,"Everything was easy parking at this facility including the attendant, and text based pickup request.  Thank you!",
107 W 31st St - Valet (Continental/Tower 111 Garage),127981156,2026-07-12,2026-07-13,2026-07-16,5,Every thing went great as I had used spot hero the day before in Boston -with the exception of- the app started using my sons phone instead of mine as he was on the rental agreement. Not sure why the app switched since spothero was on my phone and my credit card. Luckily the attendant was able to figure it out and my son’s phone still had some charge when we left at 11:00 at night.,
20 W 13th St. - Valet Garage,127610335,2026-07-08,2026-07-08,2026-07-17,4,Entrance is very narrow and hard to enter because of scaffolding,
25 Waterside Plaza,127933369,2026-07-12,2026-07-12,2026-07-14,5,Easy access to parking lot very close to event,
77 Park Ave - Garage,128269256,2026-07-16,2026-07-17,2026-07-18,5,Easy QR code scan in and out.,
3711 138th St. - Flushing Commons Lot,127814319,2026-07-11,2026-07-11,2026-07-16,1,Double charged,
77 Park Ave - Garage,128225547,2026-07-16,2026-07-16,2026-07-17,1,"Couldn’t scan the barcode at entry and as I was leaving as well. Need assistance, very frustrating",
219 E 41st St. - Valet Garage,127979039,2026-07-13,2026-07-13,2026-07-14,1,Could not cancel charge,
200 E 161st St. - Garage (Concourse Plaza),128502236,2026-07-19,2026-07-19,2026-07-20,1,"Broken bottles and trash everywhere, Dangerous gangs and drug addicts all over the parking area, not safe for my kids who were with me.",
73 Classon Ave. - 347 Flushing Ave. Garage,127758657,2026-07-10,2026-07-11,2026-07-16,1,"Booked this garage through SpotHero because it was listed as open 7 AM–11 PM, Monday–Sunday. When my daughter and I arrived Saturday to pick up my car, the garage was closed. SpotHero tried to help, but the garage staff was rude and only gave me a 30-minute pickup window, which I couldn’t make due to the delays. I had to book another hotel and retrieve my car the next day. This garage should not accept Saturday reservations if customers can’t access their vehicles.",
301 W 53rd St.- Valet Garage,128133930,2026-07-14,2026-07-16,2026-07-16,1,"Be prepared to pay a bunch of additional oversize vehicle fees and service fees that are not included in the online price. Most other places charge 10$ a day overhead, this places charges $20 a day. Also everyone else posts the oversize vehicle price. This place doesn’t.  They reel you by pricing low online. Once you book and pay and are in the garage, you are notified of the additional costs. Scummy way of doing business. Avoid unless you want to pay a bunch of extra costs after booking.",
38 W 46th St. - Valet Garage,128099276,2026-07-14,2026-07-15,2026-07-16,5,Appreciate the professional staff and ease of drop off and pickup.,
87 Edison Pl. - South Garage,127424116,2026-07-13,2026-07-14,2026-07-14,4,"Although I had already pre-paid, my husband was getting texts upon entering the deck demanding payment (at a higher rate).  Thankfully, it does not seem that we were double charged, although this added stress to our evening,",
21 E 15th St. - Union Square Valet Garage,128318894,2026-07-17,2026-07-17,2026-07-18,3,Address on garage door is incorrect…I had to drive around again and then ask if they were the correct garage because a business is at the address listed on Spothero online and the pass,
561 Washington Blvd - Newport North Garage,128265507,2026-07-16,2026-07-19,2026-07-19,5,"2nd year in a row using this for our annual NYC trip after reading a random Reddit recommendation - it could not have been easier! Simply drive in, park, and drive out at the end of vacation. Vehicle was safe and secure both times we’ve left it without any issues at all! So grateful for this App!",
23-25 W 55th St. - Valet Garage,129416015,2026-07-30,2026-07-31,2026-07-31,1,"total rip off, I paid for an oversized vehicle on the app and the garage insisted on charging me again plus an overnight fee. do not go here, they are crooks.",
219 E 41st St. - Valet Garage,129212391,2026-07-28,2026-07-28,2026-07-29,4,attendants very helpfull .,
25 New St. (609 Broad St.) - Garage,129459455,2026-07-30,2026-07-30,2026-07-31,3,"Your instructions were confusing, about whether or not we could park in the Whole Food spots.  I spent the evening worried about whether I would be towed. It is difficult to find the garage entrance upon return. It could be more clearly marked.",
7 W 28th St. - Valet (Drucker Lot),129276594,2026-07-28,2026-07-28,2026-07-28,5,You found me a spot even when there wasn’t one,
470 Dean St. (215 Flatbush Ave.) - Valet,126617490,2026-07-25,2026-07-26,2026-07-28,2,"While waiting for my car. There were people who came in 30 minutes after me that got their car first. I knew there was gonna be a wait that was ridiculous.  Also, this was an advertise event at barclays center.And they only had two people working.I believe they should have staffed more people to bring cars and work that night.Based on the event alone.",
140 W 53rd St. - Valet Garage,129218015,2026-07-29,2026-07-29,2026-07-30,1,"While the staff was polite and professional, we waited over half an hour (between 10:45pm - 11:30pm) for our car when we came back from the theater to return home. Like many others waiting, we had attended a show at Radio City Music Hall; it appeared that the parking garage staffing level was not what it should have been to more appropriately handle such a crowd.",
444 Washington Blvd. - Avalon Cove Lot,129256990,2026-07-28,2026-07-28,2026-07-29,1,"When u got there, every spot was occupied. Had to call customer service to rebook, waste tons of time",
39 E 29th St - Valet Garage,129175890,2026-07-27,2026-07-27,2026-07-28,3,"When I originally booked the 7 hr Res, app listed extra hours at a price. When we came to get our car, the extra time came to $80! That's more than it would have cost to purchase 24hrs through the garage instead of SpotHero. It was very definitely not $/hour that was noted on the original reservation IN SpotHero. Before the res was expired, & I realized we'd need more time- I went into my Res and there was no place to add hours within the Res. We had to wait till we got to the garage.",
838 11th Ave (555 W 57th St) - Valet Garage (BMW Building),129576521,2026-08-01,2026-08-01,2026-08-02,5,We saved SO much money. And the app is GREAT.,
838 11th Ave (555 W 57th St) - Valet Garage (BMW Building),129509947,2026-07-31,2026-07-31,2026-08-02,4,We left the doctor’s office a hour earlier than anticipated.  Do we get a refund for the hour that was paid for?,
140 W 53rd St. - Valet Garage,128794768,2026-07-23,2026-07-23,2026-07-29,4,"We had to sit in the car for about 10 minutes before someone came to give us a ticket as cars were backed up in a tight tunnel-like entrance. We called Spot Hero and the person on the phone was very nice. At the same time, an attendant finally showed up. It was frustrating!",
7 W 28th St. - Valet (Drucker Lot),127515635,2026-08-01,2026-08-02,2026-08-02,5,We are parked there twice - great staff - easy to get in and out - very well managed,
100 Warren St. - Portside Towers Garage,129264603,2026-07-28,2026-07-28,2026-07-29,1,Was told that parking was full though I had a reservation. This is the 2ND time that this has happened,
38 W 46th St. - Valet Garage,129251177,2026-07-28,2026-07-28,2026-07-29,1,Was double charged the oversized vehicle fee,
38 W 46th St. - Valet Garage,127075133,2026-07-31,2026-08-01,2026-08-01,3,"Very confusing service at drop off and pick up. The gentleman that assisted me upon arrival didn’t speak English and I couldn’t understand what he wanted from me. He kept asking me to pull up the reservation and provided the license plate number and my mobile number. I did twice then he just took my keys and walked away. I went up to him and asked him if everything was good? He said  “check your text”.  Same thing happened on pick up, finally a nice gentleman came over to help.",
87 Edison Pl. - South Garage,129213039,2026-07-29,2026-07-29,2026-07-31,4,Very busy with  many parked over the lines. I had to go almost to the top level. I loved how the gate read my plates so there’s nothing to scan or show.,
219 E 41st St. - Valet Garage,129522125,2026-08-01,2026-08-01,2026-08-02,2,"Valet took their sweet time retrieving my car, and he was on the phone while handling my car",
10 Lafayette Ave. - Morristown Station Garage,128701892,2026-07-25,2026-07-26,2026-07-28,5,Usually use this place for going to NYC because its cheap and located just steps away from the train. This time we used it for dinner and a show and we were not disappointed.,
101 Worth St. - Valet (Foley Square Garage),129060467,2026-07-26,2026-07-26,2026-08-02,1,Trouble retrieving my car because the employee typed in the wrong license plate and had an incorrect letter in there system. Took over a half hr fix and retrieve my car.,
87 Edison Pl. - South Garage,128700203,2026-07-22,2026-07-22,2026-07-28,5,Too tight parking spot,
3711 138th St. - Flushing Commons Lot,129601233,2026-08-01,2026-08-01,2026-08-02,1,This was not even close to the place I had to be,
25 New St. (609 Broad St.) - Garage,129100585,2026-07-26,2026-07-26,2026-07-30,1,"This parking had very narrow spaces and corridors. It was so difficult to park in and out or steer  inside the parking. Also, there was a very slow checkout process and there was a long line to live the parking. So long that after we validated the ticket, the grace period expired and they wanted to charge us an extra 7 dollars.",
200 Cadman Plaza West (75 Henry St. - Valet Garage),129610507,2026-08-01,2026-08-02,2026-08-02,1,This is not self park it’s valet only  - dude was not nice,
300 W 95th St (711 West End Ave) - Valet Garage,129643668,2026-08-01,2026-08-02,2026-08-02,5,They even had EV charging available. Will definitely be parking at this facility again!,
38 W 46th St. - Valet Garage,129689130,2026-08-02,2026-08-02,2026-08-02,1,They double billed me. I paid via spot hero and they demanded $46 on top of that,
142 N 6th St. - Valet Garage,129588548,2026-08-01,2026-08-01,2026-08-02,1,They didnt accept the spot hero reservation and instead charged on top of it hourly. Dont park here.,
123 E 53rd St. (375 Park Ave.) - Seagrams Building Valet Garage,128918931,2026-07-28,2026-07-28,2026-07-29,5,These guys are awesome!,
100 Warren St. - Portside Towers Garage,129262476,2026-07-28,2026-07-29,2026-07-30,1,There has no connection to this parking to the liberty state park area. There is no point why spot hero showed this place. There is no exit out as well after you parked.. so totally it is not worth it. Please remove this from your showings,
140 W 51st St. - Valet Garage,128947973,2026-07-29,2026-07-29,2026-07-30,5,"The staff was super helpful, showing me how to let them know I’m on my way to pick up my car. Friendly, as well!",
9 W 31st St. - Valet Garage,129196335,2026-07-28,2026-07-29,2026-07-29,1,The person at garage entered the wrong info about our car on his end so our reservation was never activated and then opened a 2nd parking reservation and charged us $92,
140 W 53rd St. - Valet Garage,129457920,2026-07-30,2026-07-30,2026-08-01,4,The people working there were very nice but there were not enough of them and service was very very slow. Took a half hour to get my car back.,
139 W 62nd St. - Self Park Garage,129304384,2026-07-30,2026-07-31,2026-07-31,5,"The parking experience itself was great. However, the instructions provided by spot hero were super confusing. In one single email, there were explicit instructions to use the W 65th entrance; followed by explicit instructions to use the W 62nd St entrance, followed by a ""navigate there"" link to a google maps location on 65th St; followed by a statement that the 65th entrance was temporarily closed. Thankfully the 62nd St entrance worked.",
325 St Marks Pl. - Lot,123785887,2026-07-31,2026-07-31,2026-08-02,2,The lot was not monitored and people parked there who did not pay,
107 W 31st St - Valet (Continental/Tower 111 Garage),128189163,2026-07-30,2026-07-31,2026-07-31,5,The guy who took my car was super nice and the one who brought it back to me was also super nice.,
140 W 53rd St. - Valet Garage,129246652,2026-07-28,2026-07-28,2026-07-29,4,"The garage was reasonably priced and very convenient to our venue (Radio City), but it was seriously short staffed at time of retrieving our car, took 30 minutes - same attendant who took our receipt had to leave the cashier's booth to bring cars out of 2 elevators, slowing the process.",
140 W 51st St. - Valet Garage,129287527,2026-08-02,2026-08-02,2026-08-02,4,"The garage signage was confusing. My reservation noted 140 W. 51st street. However, the entrance sign listed 132 W 51st Street first, and below that 140 W 51st St. Further down the ramp, a sign said 135 W 51St. I had to check with staff to assure I was at the correct garage. Otherwise, I was pleased with the parking service. The staff were friendly and helpful, it was a good value and the garage is well maintained. I would be glad to park here again if in the area.",
73 Classon Ave. - 347 Flushing Ave. Garage,129012755,2026-07-25,2026-07-25,2026-07-30,1,The facility was closed when I showed up.,
38 W 46th St. - Valet Garage,129230543,2026-07-29,2026-07-29,2026-07-30,4,The drop off and pick up process was smooth and the staff was courteous but the actual wait time to get my vehicle was long (this is the reason for not giving a 5-star rating).,
38 W 46th St. - Valet Garage,129395091,2026-07-30,2026-07-30,2026-07-30,5,So wonderful!,
38 W 46th St. - Valet Garage,129107753,2026-07-26,2026-07-26,2026-07-29,1,"Since we needed to park for an additional hour, it was insanely overpriced. The original price for parking was $37.98, however, an extra hour wound up costing more than the original price and was $57. Insane.",
55b Richmond Terrace - Empire Outlets Garage,129109691,2026-07-26,2026-07-27,2026-07-28,1,QR code scanner didn’t work,
470 Dean St. (215 Flatbush Ave.) - Valet,129454520,2026-07-30,2026-07-31,2026-07-31,5,Pickup took forever but it's not your fault. I was upset that I was charged an oversize fee upfront for my Chevy Equinox when the lot across the street did not for that last event I attended.,
561 Washington Blvd - Newport North Garage,129193975,2026-07-28,2026-07-28,2026-07-29,1,Paid ahead of time and when I went to leave the gate didn’t open and I had to pay again.,
2 McKenny St. - Panorama Valet Garage,129596772,2026-08-01,2026-08-01,2026-08-01,5,"Only issue is we appreciated parking on the mail floor but when it was time to leave, there were 4 cars waiting to get in. Luckily the attendant asked 2 cars to back up which we appreciated so we could get out, but it was just a little hard with the same exit and entrance.",
100 Christopher Columbus Dr. - Grove Pointe Garage,129676923,2026-08-02,2026-08-02,2026-08-02,4,Not easy to find non reserved spots on the first 3 floors,
106 W 30th St. - Kimpton Hotel Eventi Garage,129160013,2026-07-27,2026-07-27,2026-07-28,4,My watch was miss from the car and have reported to the manager.,
444 Washington Blvd. - Avalon Cove Lot,117720568,2026-07-30,2026-08-02,2026-08-02,1,"My car  got towed in the time frame in the lot I paid to park in. The towing company is closed on sundays and now I have to find a hotel for the night, on top of towing fees. I’m incredibly upset",
424 E 53rd St. - Rivercourt Valet Garage,129249139,2026-07-28,2026-07-29,2026-07-29,1,Lot was full,
140 W 53rd St. - Valet Garage,129241370,2026-07-28,2026-07-28,2026-07-30,4,Long wait to get my car back,
140 W 53rd St. - Valet Garage,128898772,2026-07-29,2026-07-29,2026-07-31,3,Long wait at pick up,
200 E 161st St. - Garage (Concourse Plaza),129273093,2026-07-29,2026-07-29,2026-07-30,2,Lack of staff on way out--should be at the gates,
345 W 58th St. - Valet Garage,129098851,2026-07-26,2026-07-27,2026-08-01,1,"Jeffrey was intimidating, rude and mean to the disabled",
25 Waterside Plaza,129216257,2026-08-01,2026-08-01,2026-08-02,5,It was so easy to enter and exit since the system had my Car License and the gate opened automatically. 👍🏼👍🏼,
100 Christopher Columbus Dr. - Grove Pointe Garage,128989999,2026-07-24,2026-07-27,2026-07-28,4,In/out when the sutter is closed is really tricky.  Both can and a pedestrian have to walk up to the sutter to make it opened.,
29-33 E 50th St. - New York Palace Valet,129701581,2026-08-02,2026-08-03,2026-08-02,1,I was overcharged by $20. The full rate should have been provided so that I could’ve made the decision to park elsewhere based on the total price. I gave my intended hours to stay and was quoted $74 and ended up paying $98 for a little over 4 hours.,
39 E 29th St - Valet Garage,129291719,2026-07-28,2026-07-28,2026-07-29,1,I show up and I’m told no spots available. Then why did spothero sell me the spot? Of course when I handed the valet $20 suddenly there was a spot available. Total waste of money and ridiculous.,
480 W 13th St (28 10th Ave) - Lot,129578589,2026-08-01,2026-08-01,2026-08-02,1,"I requested and paid but when I got there the parking lot was full. It was a major in convenience, since I was going to a show at the city winery. The parking attendant said it was full because of comedy shows and other events in the area.",
470 Dean St. (215 Flatbush Ave.) - Valet,129525326,2026-07-31,2026-08-01,2026-08-02,1,I paid in advance to ark and my prepayment was not noted despite me telling them and they charged my card another $78,
301 W 53rd St.- Valet Garage,128949672,2026-07-29,2026-07-29,2026-07-31,1,"I booked via SpotHero but paying oversized fee ahead of time wasn't option. when I went to pay it there, they wouldn't accept cash, and asked me to scan into an app they provided - it wouldn't load to the page they wanted, and so the attendant tried (for 20MINUTES) to get a credit card reader to load. He said they don't typically accept credit cards. Refused payment any other way. Said get out of office,employees only. Wouldn't give me keys, said ""you've waited this long, whats another 10 mins"".",
150 W 38th St - Valet Garage,129626982,2026-08-01,2026-08-02,2026-08-02,1,"I already reserved my spot and one of the guys told me to still park in, then 5 min later another worker told me I couldn’t park here",
200 E 161st St. - Garage (Concourse Plaza),127643780,2026-07-29,2026-07-30,2026-08-01,2,How can you have so many unpaid drivers blocking the 2 exit gates?,
200 E 61st St. - Valet Garage,128804973,2026-07-31,2026-08-02,2026-08-02,1,Horribly unfriendly and angry service attendant who clearly was frustrated with a SpotHero reservation both on the drop off and return.  Wanted to charge extra for a tiny SUV (Lexus NX300).  Situation made worse by having both a SpotHero and Metropolis account so you have to be careful or you will be charged twice.  Will not return here.,
200 E 161st St. - Garage (Concourse Plaza),128721031,2026-07-29,2026-07-29,2026-07-31,3,Hard to get in,
474 Warren St. - VYV Garage,129207187,2026-07-28,2026-07-28,2026-07-28,1,Had difficulty to exit didn’t get help for 40 mins,
51 W 56th St. - Valet Garage,129102416,2026-07-26,2026-07-26,2026-07-28,5,"Great location, very central. Easy access. A friendly & efficient attendant. Definitely recommend.",
7 W 28th St. - Valet (Drucker Lot),128652568,2026-07-24,2026-07-26,2026-07-28,5,Good outdoor lot with access on both 28 and 29th.  Would use again,
31 W 52nd St. - Valet Garage (CBS Building),129104075,2026-07-29,2026-07-29,2026-07-31,5,From start to finish - a smooth process.  The staff at the garage were excellent and extremely helpful.  Would definitely recommend and will use them again.,
25 New St. (609 Broad St.) - Garage,128460541,2026-07-28,2026-07-28,2026-07-29,1,Extremely overpriced with sewage smell,
301 E 66th St. - Valet Garage,129573991,2026-08-01,2026-08-01,2026-08-02,5,Everything as advertised. Very friendly attendant!,
200 E 161st St. - Garage (Concourse Plaza),129062102,2026-07-29,2026-07-29,2026-07-30,3,"Directions for use are a little vague - says park on “the roof” when that is just street level. Gate did not open on departure but there was someone working by it who looked at my pass then manually opened it for me. That said, it was a solid value despite the inconveniences so 3 stars.",
200 E 161st St. - Garage (Concourse Plaza),129250497,2026-07-29,2026-07-29,2026-07-31,4,Difficult to exit but the lot was safe and well located for Yankee Stadium.,
200 E 161st St. - Garage (Concourse Plaza),125075404,2026-07-29,2026-07-29,2026-07-30,5,Couldn’t ask for a more convenient and easy in/out parking option for a game. Surrounded by food options for a pre-stadium bite as well.,
18-20 Morton St. - Valet Garage,129218109,2026-07-28,2026-07-28,2026-07-29,1,Charged twice.. I’m waiting for a refund..,
150 W 38th St - Valet Garage,128860172,2026-07-29,2026-08-01,2026-08-01,5,Carlos the manager was a big help.,
106 W 30th St. - Kimpton Hotel Eventi Garage,129400520,2026-08-01,2026-08-02,2026-08-02,3,"Bait and switch tactics going on here 

Confirmed my rate at $35 bucks a night for 3 nights.  Pulled out the car after the 2nd night and they charged me for over double the original reservation... For only 2 days. Not the 3rd.
The app screwed it all up.
Had to recreate my 3rd day reservation but it (disappeared) and instead of my original $35 rate it was $55. 

Got to the garage and the gate was down. No response",
23-25 W 55th St. - Valet Garage,129588318,2026-08-01,2026-08-01,2026-08-02,5,Attendants were particularly polite and efficient!,
38 W 46th St. - Valet Garage,129429958,2026-07-30,2026-07-30,2026-07-31,2,Attendants were not helpful and actually not pleasant.,
345 W 58th St. - Valet Garage,129297205,2026-07-29,2026-07-29,2026-07-30,5,Attendant was great!!!  Held the door for my wife & myself - that hasn’t happened in decades!,
200 E 61st St. - Valet Garage,129573492,2026-08-01,2026-08-01,2026-08-01,1,Attendant turned me away when I arrived and gave no reason . Location should be removed from spot hero.,
185 E 85th St. - Valet (Park Lane Garage),129535072,2026-08-01,2026-08-01,2026-08-02,5,Appreciate the feature where I can notify the garage that I’m arriving for car pickup - speeded up the process and my car was waiting for me when I walked down the ramp.,
120 W 21st St. - Valet Garage,129408995,2026-07-30,2026-07-30,2026-07-31,1,Absolutely terrible experience. Poor customer service. Extremely unreasonable up charge for being an hour late. Aggressive staff who could care less about doing their job or treating customers with even a modicum of decency.,
200 E 161st St. - Garage (Concourse Plaza),129370795,2026-07-29,2026-07-29,2026-07-30,5,10 Min Walking distance to Yankees Stadium,
140 W 53rd St. - Valet Garage,129043094,2026-07-25,2026-07-26,2026-07-26,4,felt the $20 up charge for an oversized vehicle was a bit much.,
219 E 41st St. - Valet Garage,128533217,2026-07-20,2026-07-20,2026-07-24,3,extremely busy and cars exiting the only entrance/exit so had to back up in a difficult angle to retreat entering. Not usually that way so I was very surprised,
142 N 6th St. - Valet Garage,129037223,2026-07-25,2026-07-25,2026-07-26,1,charged extra for a small caring sayings it’s overpriced,
54 W 81st St. - American Museum Of Natural History Garage,128909940,2026-07-24,2026-07-24,2026-07-26,2,"Your price, including the extra hour we stayed past, was over twice the cost of an all-day pass at the same location. Not only will I not be using SpotHero again for this location, the attendant informed me how to get that base rate and I will be checking that with each of the locations, especially in NYC, and I'll be informing all of my friends and followers to do the same. It ended the day on a sour note of an otherwise enjoyable experience.",
39 E 29th St - Valet Garage,128020163,2026-07-22,2026-07-22,2026-07-22,1,Wouldn’t let me in. No reason. I stood there until he let me park. Didn’t speak very good English,
424 E 53rd St. - Rivercourt Valet Garage,128508712,2026-07-19,2026-07-20,2026-07-21,4,When I put my car make and model in it qualified it as oversized but the garage said they would not have called it oversized...it almost doubled the price.,
424 E 53rd St. - Rivercourt Valet Garage,128660367,2026-07-24,2026-07-26,2026-07-26,1,"When I got there the gentleman said I was not allowed to park there because they were closed, I confirmed online that I was allowed to enter until 1am.",
140 W 53rd St. - Valet Garage,128922553,2026-07-25,2026-07-25,2026-07-25,1,We were charged $16 for being 10 minutes late. And then had to wait 25minutes for them to retrieve our car! 🤨,
55b Richmond Terrace - Empire Outlets Garage,128502631,2026-07-20,2026-07-21,2026-07-21,5,We live in northern Delaware.  Great place to drive up to and park and take the ferry to Manhattan for the day.,
301 W 53rd St.- Valet Garage,128762242,2026-07-23,2026-07-23,2026-07-24,3,"We entered vehicle details for large van and paid more than posted rate. Despite that, they tried to reject us and were not helpful in addressing our concern. They did finally let us park on the ramp. Also, it was not valet parking, which was ok but the information was misleading.  Beware parking any oversized vehicles here!",
140 W 53rd St. - Valet Garage,128769046,2026-07-25,2026-07-25,2026-07-25,3,Waiting over 35 minutes to pick up the car is too long. More attendants at the garage were needed. The one worker tried as hard as he could but the wait was excessive for many people,
150 W 38th St - Valet Garage,127948123,2026-07-12,2026-07-12,2026-07-23,1,This was my worst spotHero experience ever. The car parked in front of mine was locked and no one could find the key. It took them over 30 minutes to get me at my car out.,
2 Journal Square Plaza - Journal Square Garage,128596390,2026-07-21,2026-07-22,2026-07-23,5,"This is better than last time I tried to park here with a different app. Camera read my license plate and open the gate. I guess the same happened on the way out, though that one did glitch a little, but yeah in and out pretty easy.",
21 E 15th St. - Union Square Valet Garage,128723792,2026-07-22,2026-07-22,2026-07-24,1,They wouldn’t let me park there,
140 W 51st St. - Valet Garage,128844722,2026-07-23,2026-07-23,2026-07-23,1,There is allegedly an elevator up to the street level but never seems to be available to customers.  There is no safe walkway to get out to the street level .  Cars coming both ways.  Very steep and dangerous.  Will likely not park here again.,
204 E 80th St. - Valet (SFG Garage),128535535,2026-07-20,2026-07-20,2026-07-21,1,"Their automated system didn’t work, and I was charged TRIPLE the expected rate.",
9 W 31st St. - Valet Garage,120824627,2026-07-25,2026-07-26,2026-07-26,5,The valet was very nice!,
150 W 90th St. (189 W 89th St.) - Garage,128351144,2026-07-17,2026-07-17,2026-07-21,1,The valet person was agressive to us and didn’t speak English . We were worried for our safety while interacting with this individual.,
107 W 31st St - Valet (Continental/Tower 111 Garage),128783085,2026-07-22,2026-07-22,2026-07-24,3,"The team was great the whole experience was not great the app worked and didn’t work to many confusing messages like better to use the direct app no SpotHero , the grate was over crowded and took a long time to get a ticket.",
165 W 65th St - Valet Garage,128931318,2026-07-25,2026-07-25,2026-07-26,5,The staff was so nice!! Very close to Lincoln center!,
87 Edison Pl. - South Garage,128913505,2026-07-24,2026-07-25,2026-07-25,3,"The only downside was that I ended up paying more by booking through SpotHero, while the parking lot offered a lower rate for customers who paid directly at the facility.",
200 E 161st St. - Garage (Concourse Plaza),128648560,2026-07-22,2026-07-22,2026-07-26,4,"The instructions are for SpotHero parking on the “rooftop level”, but it is actually street/store-level. The picture of the entrance to the underground is misleading. If you enter to go underground- you can’t go back to the main parking level. Other than the confusing directions- the parking was great. Good location walkable to Yankee Stadium and courthouses.",
140 W 51st St. - Valet Garage,127868502,2026-07-25,2026-07-26,2026-07-26,5,The garage we had contracted with was full because of a wedding but Raz quickly suggested that we go to the nearby garage ( which turned out to be closer) and they were very helpful!  Car was quickly delivered when we arrived to leave for home.,
200 E 61st St. - Valet Garage,128991802,2026-07-25,2026-07-25,2026-07-25,1,The garage has the wrong price on the app and insist on an additional charge,
140 W 51st St. - Valet Garage,129018088,2026-07-25,2026-07-25,2026-07-26,1,The drop off was great the pick up was very unorganized and no one was in the office- you need a lot more people to work here for the amount of customers!!! People were working so hard but it was still not enough!!,
138-20 39th Ave. - Flushing Commons South Garage,121443757,2026-07-19,2026-07-20,2026-07-21,4,"The doors were locked at 11pm and unless you have a different metropolis parking account, you have to call the number to be let in. Luckily the line was still staffed at that time. I don’t think spot hero is much different from the posted rates tbh. Otherwise it was easy to find and secure. Close to Citi field via the subway",
267-271 W 47th St. - Valet Garage (Biltmore Theatre),128693680,2026-07-22,2026-07-22,2026-07-22,5,"The attendant was AMAZING,  he went out of his way to take care of my 90 year old wheelchair bound mom and I.",
140 W 51st St. - Valet Garage,123105672,2026-07-23,2026-07-23,2026-07-25,5,"The attendant mentioned that the elevator has been out of service for the past four months. Since my wife and mother-in-law have mobility issues, he was kind enough to drive our car up to the street for us. While the elevator really should be repaired, we greatly appreciated his willingness to help. His excellent customer service made a difficult situation much easier.",
200 E 161st St. - Garage (Concourse Plaza),128611960,2026-07-20,2026-07-20,2026-07-21,1,Streets were blocked by police and refund was refused.,
56 North Blvd. (20 North Blvd.) - River Market Garage,129118819,2026-07-26,2026-07-26,2026-07-26,1,Still made me pay extra at the end,
3711 138th St. - Flushing Commons Lot,128517414,2026-07-19,2026-07-19,2026-07-22,1,Spots are very hard to find,
4 E 72nd St - 910 5th Ave Building - Valet Garage,128504256,2026-07-19,2026-07-20,2026-07-21,1,"Rude staff, poorly trained.",
219 E 41st St. - Valet Garage,128277808,2026-07-22,2026-07-22,2026-07-22,4,Requires to login to request car pickup,
258 Albany St. - Valet (200 Liberty St. Garage),128551511,2026-07-20,2026-07-20,2026-07-22,5,Quick and safe,
200 E 161st St. - Garage (Concourse Plaza),124379577,2026-07-20,2026-07-20,2026-07-21,5,Quick and easy,
101 W 53rd St - Hilton Hotel Valet Garage,127578679,2026-07-26,2026-07-26,2026-07-26,5,Quick & Easy,
300 Cadman Plaza West - Pierrepont Plaza - Valet Garage,127695404,2026-07-19,2026-07-19,2026-07-21,3,QCR DID NOT WORK FOR ENTERING OR EXITING THE FACITIES.  HAD TO USE THE CALL BUTTON BOTH TIMES. VERY INCONVIENCENT,
51 W 56th St. - Valet Garage,129035100,2026-07-25,2026-07-25,2026-07-26,5,Professional service,
150 W 38th St - Valet Garage,128926387,2026-07-24,2026-07-24,2026-07-24,1,Prices are a lie,
137 Duffield St - 15 MetroTech Valet Garage,128238299,2026-07-16,2026-07-16,2026-07-22,3,"Place was hard to find, also the attendant wanted to change me $15.00, extra for coming 4 minutes early than my arrival time, I told him then, that Iwill leave and come back in 4 minutes. Now when I left 1 hour and 3 minutes earlier than what I paid for, I wasn't offered money back.",
245 E 36th St. - Valet Lot,127990880,2026-07-13,2026-07-13,2026-07-23,1,"Parking attendant, tried to scam e claiming I didn’t pay. Also traffic on that street is horrible be prepared to wait at least 10 minutes just to turn into the street.",
3711 138th St. - Flushing Commons Lot,128500505,2026-07-19,2026-07-20,2026-07-21,5,"Parked here for a citi field concert, 10/10",
150 W 38th St - Valet Garage,128983611,2026-07-24,2026-07-26,2026-07-26,1,"One of the employees was flying up the ramp and almost hit me head on while I had the green light to go down and was picking up my car. One of the other employees made me pay him cash on top of what I paid on the app because “my car is expensive” 
He definitely scammed me. Absolutely awful service. I will never park here again",
200 E 161st St. - Garage (Concourse Plaza),128612194,2026-07-22,2026-07-22,2026-07-22,4,"On game days , most routes to it were closed.  It worked out great though, once we were able to get there.",
9 W 31st St. - Valet Garage,128326879,2026-07-17,2026-07-17,2026-07-23,3,Not enough staff- long wait times in and out,
138-20 39th Ave. - Flushing Commons South Garage,127739774,2026-07-19,2026-07-19,2026-07-21,5,"No service, would recommend giving info on their WiFi as it is posted but not in many places so didn’t notice until almost out of the garage.",
345 W 58th St. - Valet Garage,128745697,2026-07-22,2026-07-23,2026-07-23,4,"No paper ticket - instead, you get an SMS message with a link. Tap the link a few minutes before you go to get the car and in theory the car is ready when you arrive. In practice, it is a bit confusing as there was no one present to confirm that the link worked. Turned out OK, just a bit different than other places.",
25 Waterside Plaza,128657570,2026-07-21,2026-07-21,2026-07-21,4,"No guide were to park, no attendant, self parking, low sealing",
480 W 13th St (28 10th Ave) - Lot,129007973,2026-07-25,2026-07-25,2026-07-26,4,No concerns,
87 Edison Pl. - South Garage,128286006,2026-07-20,2026-07-22,2026-07-22,5,"Never parked here before but the rate was great for my length of stay, my car was safe and secure and it was so easy getting in and out with easy access to Penn Station. Will definitely park here again!",
54 W 81st St. - American Museum Of Natural History Garage,128818796,2026-07-23,2026-07-23,2026-07-25,1,My reservation wouldn’t scan. They told me to try it on the way out. Still didn’t work. Had to pay twice,
450 E 63rd St. - Valet (Sutton Terrace Garage),128573186,2026-07-20,2026-07-20,2026-07-21,5,My only comment is to have the correct address on the entrance.,
120 W 21st St. - Valet Garage,128604177,2026-07-20,2026-07-22,2026-07-23,5,Love this place!,
150 W 38th St - Valet Garage,128692179,2026-07-21,2026-07-21,2026-07-22,1,Lied to me about oversized vehicles,
3711 138th St. - Flushing Commons Lot,128517165,2026-07-19,2026-07-19,2026-07-21,1,It took me 30 minutes to find a spot. I didn't expect that or plan for it since I usually just pull into a lot and park.,
E 20th St. and Ave. C - Skyport Surface Lot,127660036,2026-07-17,2026-07-24,2026-07-25,5,"Incredible staff. Nice and safe. All parking in NYC is overpriced, but this was the best value of the bunch.",
200 E 161st St. - Garage (Concourse Plaza),128369368,2026-07-20,2026-07-20,2026-07-22,5,"I've been parking here for a few years now it's reasonable and a quick walk to the stadium. My only complaints are sometimes it's a pain to get out because people don't enter the right license plate for the auto reader. Also, the parking spots are a little narrow.",
267-271 W 47th St. - Valet Garage (Biltmore Theatre),128601810,2026-07-22,2026-07-22,2026-07-24,1,"I will never because of the attendant’s unprofessional behavior! He didn’t greet or provide any direction, and I had to initiate the conversation. I was told to access a link, but I had no cell service. When I asked what I should do, he replied, “So you’re leaving?” instead of answering my question and continued speaking to me in a rude, condescending manner. I left immediately, parked elsewhere, and was still charged. Kindly, refund my reservation!",
18-20 Morton St. - Valet Garage,128344784,2026-07-21,2026-07-21,2026-07-22,1,"I was disappointed with the guy’s attitude. The link he sent me to request my car back didn’t work. I was telling him that the link doesn’t work. However, he showed a bad attitude. He requested the car for me and he said I won’t do it for you next time. He didn’t realized that there will be no next time in this garage.",
200 E 161st St. - Garage (Concourse Plaza),126931549,2026-07-20,2026-07-21,2026-07-22,1,I was charged for a spot and then charged a second time by the comp who owned the lot and they obviously got my info from you because your company was the only one who had the license plate of a vehicle I was renting and only knew the license Bank number that day when I entered it into your system,
90 Town Square Place - Garage,128729797,2026-07-22,2026-07-22,2026-07-22,1,I was charged at the gate to exit,
219 E 41st St. - Valet Garage,128793997,2026-07-23,2026-07-23,2026-07-24,1,I was at the window to pay at 1:28 pm. No one was in the booth. When someone finally came to the booth it was 1:35-1:37. They charged me 11:00 extra for coming over the allotted time.  I asked them to check the camera. They refused.,
120 W 21st St. - Valet Garage,128735091,2026-07-22,2026-07-22,2026-07-23,1,"I told the morning attendant I would leave at 2:30pm. I requested my car at 2:36pm and received it at 3:10pm. It is unacceptable to wait for over 30min and be told that ""the car was all the way in the back"". Some of the staff was courteous while others were very rude. Terrible experience.",
480 W 13th St (28 10th Ave) - Lot,128808636,2026-07-23,2026-07-23,2026-07-23,1,"I reserved the parking lot! And when I arrived at the parking, the guy said that is full ! Why? I’m very upset ! He said cancel and find another garage! I went to work if I reserved it to make faster and shipper! After I insisted he finally let me park!",
87 Edison Pl. - South Garage,128934764,2026-07-24,2026-07-25,2026-07-25,5,"I recommend this parking spot for your vehicle, super easy and super friendly staff! Love it there",
200 E 161st St. - Garage (Concourse Plaza),128530188,2026-07-19,2026-07-19,2026-07-21,5,"I have dealt with lots like this before with the management company Metropolis.  If not using Spot Hero (made it very easy), it is very confusing.  The lot reads the license plate using Spot, just make sure your license plate is correct.",
345 W 58th St. - Valet Garage,128336454,2026-07-23,2026-07-23,2026-07-24,3,I had to sign up with a service to retrieve my car and I refused. I will not use this lot again,
220 E 67th St. - Valet Garage,128523939,2026-07-21,2026-07-21,2026-07-22,3,"I found a lot fairly close to my destination. I prepaid through the app   My vehicle (SUV) make and model were already loaded in the app and were on my finalized voucher.  When I got to the garage, they told me that I had to pay an additional fee because of the type of vehicle I had. So it turned out that there would have been several other garages closer to my destination that I could have used which have been cheaper (as long as they didn’t do the same thing). Other than that- all good.",
107 W 31st St - Valet (Continental/Tower 111 Garage),127692885,2026-07-19,2026-07-20,2026-07-21,1,I  wasn’t able to access the garage because there was a gridlock alert & street closures due to the FIFA event. Could I get a refund?,
140 W 53rd St. - Valet Garage,128997291,2026-07-25,2026-07-25,2026-07-25,2,"Guy on Saturday morning 6 am acting up mad like he didn't want to be there. horrible!

Other than that good spot and good price through the app!",
29-33 E 50th St. - New York Palace Valet,128896475,2026-07-24,2026-07-24,2026-07-25,5,Greeted at entry and exit by very pleasant young men. Promptly assisted each time.,
31 W 52nd St. - Valet Garage (CBS Building),128620881,2026-07-21,2026-07-21,2026-07-21,5,Great place to park near Rockefeller Center.Very convenient.,
150 W 38th St - Valet Garage,128710039,2026-07-22,2026-07-23,2026-07-24,5,Great location for my needs. Good price. Very friendly and helpful staff.,
258 Albany St. - Valet (200 Liberty St. Garage),128931998,2026-07-24,2026-07-24,2026-07-24,5,Great garage.,
200 E 161st St. - Garage (Concourse Plaza),128738669,2026-07-22,2026-07-22,2026-07-24,5,Good location close to yankee stadium. Safe for a day game.,
138-20 39th Ave. - Flushing Commons South Garage,128196564,2026-07-15,2026-07-16,2026-07-22,5,"Getting back into the lot via the pedestrian entrance was unclear. I needed a code, that I did not get from spot hero.",
1 Bell Slip - The Bellslip Parking Garage,128921503,2026-07-24,2026-07-25,2026-07-26,1,"Garage advertised on Spot Hero as open 24 hrs., but  closed at midnight. I needed parking til 2 am. I had to spend my dinner hour looking for alternative parking. I was only informed by a colleague that it closed early. It would have been disastrous if I had not been informed in advance",
55b Richmond Terrace - Empire Outlets Garage,128965191,2026-07-25,2026-07-26,2026-07-26,5,Exit directions were very confusing,
220 E 65th St. - Valet (Concorde Garage),128768086,2026-07-22,2026-07-26,2026-07-26,5,"Excellent staff at this garage. It was my second time keeping my car there. I’m very appreciative of their professionalism, friendliness and promptness. I highly recommend.",
267-271 W 47th St. - Valet Garage (Biltmore Theatre),128449792,2026-07-19,2026-07-19,2026-07-21,5,Excellent service,
140 W 53rd St. - Valet Garage,128916005,2026-07-24,2026-07-24,2026-07-25,5,Excellent in all wYs,
140 W 51st St. - Valet Garage,127328691,2026-07-25,2026-07-25,2026-07-26,2,Elevators don’t work on weekends.  Had to walk down and up a very steep driveway that cars were entering and exiting through.  Dangerous and strenuous,
301 E 66th St. - Valet Garage,128531306,2026-07-25,2026-07-26,2026-07-26,5,Easy to park there!,
120 W 21st St. - Valet Garage,128930431,2026-07-25,2026-07-26,2026-07-26,5,"Easy parking, no hassles, staff were very courteous",
30 Park Ln. N - The Bisby Garage,129055787,2026-07-26,2026-07-26,2026-07-26,5,"Easy parking in newer, un-gated facility. The app made things very smooth. Good location. Just had to adjust to the process. Very satisfied.",
51 W 56th St. - Valet Garage,128509002,2026-07-19,2026-07-20,2026-07-21,5,Easy check in and check out.,
100 Christopher Columbus Dr. - Grove Pointe Garage,128609600,2026-07-20,2026-07-20,2026-07-22,1,Double charged,
100 Christopher Columbus Dr. - Grove Pointe Garage,128889485,2026-07-24,2026-07-24,2026-07-25,3,Crazy two way driving… trying to go up while another car is going down was a bit scary!,
200 E 161st St. - Garage (Concourse Plaza),128696440,2026-07-22,2026-07-22,2026-07-22,1,Couldn’t get to the garage as the streets were blocked for the game !,
200 E 161st St. - Garage (Concourse Plaza),128724477,2026-07-22,2026-07-22,2026-07-22,5,Confused by rooftop level first but actually just the ground open top level.  Easy to get on and out!,
200 E 161st St. - Garage (Concourse Plaza),127228367,2026-07-19,2026-07-19,2026-07-22,5,"Close to Yankee Stadium, safe walking distance",
200 E 161st St. - Garage (Concourse Plaza),127970013,2026-07-19,2026-07-20,2026-07-22,5,"Check the timing on the exit bar, it dropped on the back of my car",
333 Schermerhorn St. - Valet Garage,127808252,2026-07-11,2026-07-12,2026-07-24,5,Best parking garage experience I’ve had in NYC. Will park here again.,
267-271 W 47th St. - Valet Garage (Biltmore Theatre),128291856,2026-07-22,2026-07-23,2026-07-23,5,Attendants were courteous.Very close to theatre,
200 E 61st St. - Valet Garage,128888494,2026-07-24,2026-07-24,2026-07-24,1,"Attendant who claimed to be the manager said my car was oversized (Audi Q3 as per reservation) and I would have to pay extra or leave his facility. A Mini would be ok, he told me, but not the Audi Q3. He eventually reluctantly took my voucher and told me not to come back again",
300 Cadman Plaza West - Pierrepont Plaza - Valet Garage,128279651,2026-07-24,2026-07-26,2026-07-26,4,Apparently the check in person didn't list my car so it could be easily found upon return.  Also texted to garage 1/2 hour before pick-up and I don't believe this text was followed up upon until I reached the garage.  There was a delay in finding/retrieving my car.  Otherwise -- all gentlemen involved went out of their way to be helpful and profesional.,
7 W 28th St. - Valet (Drucker Lot),128677883,2026-07-21,2026-07-21,2026-07-22,5,Andy is excellent and we will definitely park here again !,
23-25 W 55th St. - Valet Garage,128887827,2026-07-25,2026-07-25,2026-07-26,5,Always a great garage!,
9 W 31st St. - Valet Garage,128533963,2026-07-21,2026-07-22,2026-07-22,1,"After pulling up to the garage, the attendant stated that they were full and I had to go somewhere else.",
258 Albany St. - Valet (200 Liberty St. Garage),128934919,2026-07-24,2026-07-24,2026-07-24,4,Address given was incorrect,
129 Roosevelt Ave. (40-24 College Point Blvd.) - Skyview Mall Garage,121856975,2026-07-24,2026-07-25,2026-07-25,3,About a mile away and only 10 less than the next to stadium prices. Walking there was a bit harrowing too.,
